{"Mean":{"confidence_interval":{"confidence_level":0.95,"lower_bound":2739891.1844422887,"upper_bound":2802557.6074136887},"point_estimate":2766545.2383718444,"standard_error":16323.249491658122},"Median":{"confidence_interval":{"confidence_level":0.95,"lower_bound":2720968.1818181816,"upper_bound":2737545.0722891567},"point_estimate":2725848.8064864865,"standard_error":4124.1820495745005},"MedianAbsDev":{"confidence_interval":{"confidence_level":0.95,"lower_bound":23727.907869771327,"upper_bound":43094.280418256996},"point_estimate":29758.10195491653,"standard_error":4862.087215034714},"Slope":{"confidence_interval":{"confidence_level":0.95,"lower_bound":2732627.2510902253,"upper_bound":2754529.882032476},"point_estimate":2743135.4965154426,"standard_error":5595.441232109978},"StdDev":{"confidence_interval":{"confidence_level":0.95,"lower_bound":60111.112566983196,"upper_bound":258750.1250436569},"point_estimate":165003.23039224904,"standard_error":57120.232481553096}}