{"Mean":{"confidence_interval":{"confidence_level":0.95,"lower_bound":2998195.054485336,"upper_bound":3054831.5066074543},"point_estimate":3024375.1662902846,"standard_error":14499.789303351976},"Median":{"confidence_interval":{"confidence_level":0.95,"lower_bound":2971620.626262626,"upper_bound":2991738.4864864866},"point_estimate":2981254.5128968256,"standard_error":5019.973449891227},"MedianAbsDev":{"confidence_interval":{"confidence_level":0.95,"lower_bound":32303.995169133977,"upper_bound":58470.014474818025},"point_estimate":43340.042102643994,"standard_error":6767.804742439461},"Slope":{"confidence_interval":{"confidence_level":0.95,"lower_bound":2986779.7700435733,"upper_bound":3079932.2746913405},"point_estimate":3028183.68355549,"standard_error":24152.452704454994},"StdDev":{"confidence_interval":{"confidence_level":0.95,"lower_bound":86362.90179079663,"upper_bound":194737.11047193722},"point_estimate":145699.16410370136,"standard_error":27578.57437986032}}