{"Mean":{"confidence_interval":{"confidence_level":0.95,"lower_bound":2977756.1304940395,"upper_bound":3044151.9189164797},"point_estimate":3008004.272431393,"standard_error":17009.64700813421},"Median":{"confidence_interval":{"confidence_level":0.95,"lower_bound":2954384.169811321,"upper_bound":3014355.3058573455},"point_estimate":2984710.314054054,"standard_error":15556.202286516622},"MedianAbsDev":{"confidence_interval":{"confidence_level":0.95,"lower_bound":79390.86961534404,"upper_bound":126800.98479337264},"point_estimate":101280.00744942037,"standard_error":12084.732511682145},"Slope":{"confidence_interval":{"confidence_level":0.95,"lower_bound":2958071.722296073,"upper_bound":2991538.142069619},"point_estimate":2974348.825399734,"standard_error":8569.338448786619},"StdDev":{"confidence_interval":{"confidence_level":0.95,"lower_bound":99556.89769793605,"upper_bound":242903.73242046995},"point_estimate":170838.4245502661,"standard_error":38334.51701515323}}