{"Mean":{"confidence_interval":{"confidence_level":0.95,"lower_bound":3114612.9816796975,"upper_bound":3171005.995750657},"point_estimate":3141746.1041870443,"standard_error":14403.41229378946},"Median":{"confidence_interval":{"confidence_level":0.95,"lower_bound":3084144.610526316,"upper_bound":3140440.2659914712},"point_estimate":3113932.2895622896,"standard_error":13065.560986939929},"MedianAbsDev":{"confidence_interval":{"confidence_level":0.95,"lower_bound":78263.69190890461,"upper_bound":142795.96198378352},"point_estimate":109887.49003780767,"standard_error":16128.647589713284},"Slope":{"confidence_interval":{"confidence_level":0.95,"lower_bound":3079121.128041173,"upper_bound":3110722.0580062987},"point_estimate":3094645.056672085,"standard_error":8048.025643341895},"StdDev":{"confidence_interval":{"confidence_level":0.95,"lower_bound":108853.85476657853,"upper_bound":177879.37700097624},"point_estimate":144801.10740429626,"standard_error":17769.569385235594}}