{"Mean":{"confidence_interval":{"confidence_level":0.95,"lower_bound":40671.746879320955,"upper_bound":41486.31454632578},"point_estimate":41028.10429404089,"standard_error":209.48151706973846},"Median":{"confidence_interval":{"confidence_level":0.95,"lower_bound":40371.767567326555,"upper_bound":40516.18410852713},"point_estimate":40420.922612581475,"standard_error":33.61093541657248},"MedianAbsDev":{"confidence_interval":{"confidence_level":0.95,"lower_bound":212.00124300706224,"upper_bound":407.8584252135633},"point_estimate":303.0628689040653,"standard_error":45.7137902314568},"Slope":{"confidence_interval":{"confidence_level":0.95,"lower_bound":40513.58852142961,"upper_bound":40862.42695963892},"point_estimate":40668.033895744054,"standard_error":89.74138096495712},"StdDev":{"confidence_interval":{"confidence_level":0.95,"lower_bound":912.0963345976794,"upper_bound":3163.6332999570236},"point_estimate":2110.6292204862684,"standard_error":610.5262850315412}}