{"Mean":{"confidence_interval":{"confidence_level":0.95,"lower_bound":41716.98172955736,"upper_bound":43563.69805940046},"point_estimate":42535.41248865749,"standard_error":476.5631791788675},"Median":{"confidence_interval":{"confidence_level":0.95,"lower_bound":41129.85738831615,"upper_bound":41640.04722222222},"point_estimate":41359.5699949187,"standard_error":121.52672580948341},"MedianAbsDev":{"confidence_interval":{"confidence_level":0.95,"lower_bound":944.8275465388766,"upper_bound":1662.4054543885568},"point_estimate":1279.8361863246353,"standard_error":182.00441525802322},"Slope":{"confidence_interval":{"confidence_level":0.95,"lower_bound":41368.24342838768,"upper_bound":41791.049032021394},"point_estimate":41570.14422466874,"standard_error":107.76310686994366},"StdDev":{"confidence_interval":{"confidence_level":0.95,"lower_bound":1882.9558812881567,"upper_bound":6843.670823705491},"point_estimate":4784.318474688987,"standard_error":1222.3983477714355}}