{"Mean":{"confidence_interval":{"confidence_level":0.95,"lower_bound":41049.54892489731,"upper_bound":42455.003646656085},"point_estimate":41670.69542390425,"standard_error":360.98284799246846},"Median":{"confidence_interval":{"confidence_level":0.95,"lower_bound":40388.40670700086,"upper_bound":41445.7258051948},"point_estimate":40876.59649484536,"standard_error":275.62890161248794},"MedianAbsDev":{"confidence_interval":{"confidence_level":0.95,"lower_bound":1225.089216591427,"upper_bound":2059.358132238368},"point_estimate":1769.5166954407093,"standard_error":210.94982203196673},"Slope":{"confidence_interval":{"confidence_level":0.95,"lower_bound":40900.17175325164,"upper_bound":41415.01557138382},"point_estimate":41150.754339589184,"standard_error":131.5463460095437},"StdDev":{"confidence_interval":{"confidence_level":0.95,"lower_bound":1618.2983876128949,"upper_bound":5374.757116338528},"point_estimate":3640.0084179271444,"standard_error":992.8878429686083}}