{"Mean":{"confidence_interval":{"confidence_level":0.95,"lower_bound":6627964.455276241,"upper_bound":6747737.8156328825},"point_estimate":6679234.071883267,"standard_error":30825.700554331004},"Median":{"confidence_interval":{"confidence_level":0.95,"lower_bound":6578928.3625,"upper_bound":6610484.952380952},"point_estimate":6593737.679020979,"standard_error":9704.42904063705},"MedianAbsDev":{"confidence_interval":{"confidence_level":0.95,"lower_bound":37444.21120603957,"upper_bound":75123.22314792627},"point_estimate":48116.0969796099,"standard_error":9668.086468521475},"Slope":{"confidence_interval":{"confidence_level":0.95,"lower_bound":6600110.8648101995,"upper_bound":6658099.579964136},"point_estimate":6625924.0758002065,"standard_error":14782.515374460743},"StdDev":{"confidence_interval":{"confidence_level":0.95,"lower_bound":135679.15144969834,"upper_bound":475470.8475297078},"point_estimate":310321.15053640906,"standard_error":97828.53783820236}}