{"Mean":{"confidence_interval":{"confidence_level":0.95,"lower_bound":6389932.332340957,"upper_bound":6450507.425908512},"point_estimate":6416526.440704832,"standard_error":15652.21226679351},"Median":{"confidence_interval":{"confidence_level":0.95,"lower_bound":6379323.416666667,"upper_bound":6399517.145387521},"point_estimate":6390176.189131365,"standard_error":4332.088100312269},"MedianAbsDev":{"confidence_interval":{"confidence_level":0.95,"lower_bound":31414.156548875442,"upper_bound":49687.280866711706},"point_estimate":40989.96125656993,"standard_error":4474.990301088428},"Slope":{"confidence_interval":{"confidence_level":0.95,"lower_bound":6396939.52101599,"upper_bound":6417916.891524095},"point_estimate":6406769.4239840405,"standard_error":5379.835227517273},"StdDev":{"confidence_interval":{"confidence_level":0.95,"lower_bound":62977.718899968626,"upper_bound":235001.47349209106},"point_estimate":157395.07921937038,"standard_error":44807.779083997666}}