{"Mean":{"confidence_interval":{"confidence_level":0.95,"lower_bound":4360668.082537801,"upper_bound":4412794.162942309},"point_estimate":4386051.09839755,"standard_error":13266.91646188172},"Median":{"confidence_interval":{"confidence_level":0.95,"lower_bound":4332008.128654971,"upper_bound":4387685.265625},"point_estimate":4349360.590674157,"standard_error":13597.23465147938},"MedianAbsDev":{"confidence_interval":{"confidence_level":0.95,"lower_bound":62404.840318758885,"upper_bound":136230.56494592136},"point_estimate":87474.256106716,"standard_error":19128.08456007524},"Slope":{"confidence_interval":{"confidence_level":0.95,"lower_bound":4362632.6763140615,"upper_bound":4399690.921007223},"point_estimate":4380698.8118338995,"standard_error":9499.241318595803},"StdDev":{"confidence_interval":{"confidence_level":0.95,"lower_bound":101655.4002366788,"upper_bound":163945.137020655},"point_estimate":133737.98991993908,"standard_error":15940.689076461036}}