{"Mean":{"confidence_interval":{"confidence_level":0.95,"lower_bound":5177343.723621319,"upper_bound":5306348.251456322},"point_estimate":5233468.372440484,"standard_error":33220.01416347133},"Median":{"confidence_interval":{"confidence_level":0.95,"lower_bound":5117557.302325581,"upper_bound":5164625.7},"point_estimate":5141027.901041666,"standard_error":10008.967894659314},"MedianAbsDev":{"confidence_interval":{"confidence_level":0.95,"lower_bound":59494.69429568136,"upper_bound":117308.96529692167},"point_estimate":81272.26681167443,"standard_error":14776.453401895798},"Slope":{"confidence_interval":{"confidence_level":0.95,"lower_bound":5141871.765800005,"upper_bound":5184780.2377844},"point_estimate":5162652.769070489,"standard_error":10977.804376770742},"StdDev":{"confidence_interval":{"confidence_level":0.95,"lower_bound":140917.75205989214,"upper_bound":497818.3225683251},"point_estimate":333665.0111968409,"standard_error":95383.47316923205}}