{"Mean":{"confidence_interval":{"confidence_level":0.95,"lower_bound":2517672.2850347515,"upper_bound":2593626.6882108245},"point_estimate":2551102.0150311715,"standard_error":19577.190848406855},"Median":{"confidence_interval":{"confidence_level":0.95,"lower_bound":2496107.4516129033,"upper_bound":2533412.7395833335},"point_estimate":2514333.3285714285,"standard_error":12100.41024973611},"MedianAbsDev":{"confidence_interval":{"confidence_level":0.95,"lower_bound":57751.56266233634,"upper_bound":92373.82853695998},"point_estimate":75206.27697186703,"standard_error":9614.711781057827},"Slope":{"confidence_interval":{"confidence_level":0.95,"lower_bound":2534025.0993848206,"upper_bound":2584854.7541569853},"point_estimate":2556356.9009073447,"standard_error":13048.874945593185},"StdDev":{"confidence_interval":{"confidence_level":0.95,"lower_bound":78799.37590976467,"upper_bound":290320.81559996057},"point_estimate":196663.33682075277,"standard_error":54227.24374442318}}