{"Mean":{"confidence_interval":{"confidence_level":0.95,"lower_bound":5654850.117701781,"upper_bound":5746342.46607253},"point_estimate":5697438.029487432,"standard_error":23373.571257966407},"Median":{"confidence_interval":{"confidence_level":0.95,"lower_bound":5607139.641025641,"upper_bound":5683278.662337663},"point_estimate":5642731.795035461,"standard_error":19103.42516552404},"MedianAbsDev":{"confidence_interval":{"confidence_level":0.95,"lower_bound":100747.41874034087,"upper_bound":174416.73210348404},"point_estimate":130191.61053956157,"standard_error":19856.409461364565},"Slope":{"confidence_interval":{"confidence_level":0.95,"lower_bound":5617345.544116701,"upper_bound":5695198.073252879},"point_estimate":5650366.324758386,"standard_error":20142.439754166786},"StdDev":{"confidence_interval":{"confidence_level":0.95,"lower_bound":150874.24570330346,"upper_bound":323200.7463329946},"point_estimate":235928.78636379394,"standard_error":45866.22887812716}}