{"Mean":{"confidence_interval":{"confidence_level":0.95,"lower_bound":2698927.32854882,"upper_bound":2782304.9397837543},"point_estimate":2738394.2530510835,"standard_error":21324.464357857447},"Median":{"confidence_interval":{"confidence_level":0.95,"lower_bound":2681866.8210526314,"upper_bound":2715055.375},"point_estimate":2700035.5296551725,"standard_error":7703.167196864597},"MedianAbsDev":{"confidence_interval":{"confidence_level":0.95,"lower_bound":48820.48512964349,"upper_bound":98961.09286996657},"point_estimate":66850.4994549839,"standard_error":13819.991613638107},"Slope":{"confidence_interval":{"confidence_level":0.95,"lower_bound":2715182.6020552088,"upper_bound":2803184.1264257203},"point_estimate":2756235.2513817055,"standard_error":22524.428333264597},"StdDev":{"confidence_interval":{"confidence_level":0.95,"lower_bound":150068.36233896247,"upper_bound":275930.5459510664},"point_estimate":213547.2310456483,"standard_error":32771.81438680899}}