{"Mean":{"confidence_interval":{"confidence_level":0.95,"lower_bound":-0.05320658966263471,"upper_bound":-0.007522909714483723},"point_estimate":-0.029771534443475467,"standard_error":0.011639776051227558},"Median":{"confidence_interval":{"confidence_level":0.95,"lower_bound":-0.023453348985660982,"upper_bound":0.00995601123066403},"point_estimate":-0.009778290818103885,"standard_error":0.008877334679182785}}