{"Mean":{"confidence_interval":{"confidence_level":0.95,"lower_bound":-0.06320247520152232,"upper_bound":-0.03795991146063801},"point_estimate":-0.049612330553623685,"standard_error":0.006436184369677509},"Median":{"confidence_interval":{"confidence_level":0.95,"lower_bound":-0.06629740537036477,"upper_bound":-0.04055017962876606},"point_estimate":-0.054898699343213564,"standard_error":0.006538214278250275}}