{"Mean":{"confidence_interval":{"confidence_level":0.95,"lower_bound":0.4894996638152314,"upper_bound":0.5905487918362617},"point_estimate":0.5362714516399445,"standard_error":0.025014278226976265},"Median":{"confidence_interval":{"confidence_level":0.95,"lower_bound":0.46543950332079187,"upper_bound":0.49605893498905274},"point_estimate":0.48122639891462393,"standard_error":0.008205592746075978}}