{"Mean":{"confidence_interval":{"confidence_level":0.95,"lower_bound":-0.01597582548624843,"upper_bound":0.009118938836866087},"point_estimate":-0.004119456868445837,"standard_error":0.006450240234296251},"Median":{"confidence_interval":{"confidence_level":0.95,"lower_bound":-0.019262595266667848,"upper_bound":0.0004482434803885216},"point_estimate":-0.006048536243377756,"standard_error":0.0047915598264274654}}