{"Mean":{"confidence_interval":{"confidence_level":0.95,"lower_bound":-0.009692629410247114,"upper_bound":0.014852780064786558},"point_estimate":0.0021532823143568525,"standard_error":0.0062617222246139125},"Median":{"confidence_interval":{"confidence_level":0.95,"lower_bound":-0.013086712369680842,"upper_bound":0.006606902431891326},"point_estimate":-0.0018122073589161847,"standard_error":0.005143524175497123}}