{"Mean":{"confidence_interval":{"confidence_level":0.95,"lower_bound":-0.06490405455781204,"upper_bound":-0.011860856760485051},"point_estimate":-0.03803644817501839,"standard_error":0.013540985871951414},"Median":{"confidence_interval":{"confidence_level":0.95,"lower_bound":-0.027892885436972544,"upper_bound":0.001344914026083055},"point_estimate":-0.014014031666566673,"standard_error":0.007343660546223857}}