{"Mean":{"confidence_interval":{"confidence_level":0.95,"lower_bound":0.5642339171738627,"upper_bound":0.6366954344930519},"point_estimate":0.6036958468948712,"standard_error":0.018620390893676786},"Median":{"confidence_interval":{"confidence_level":0.95,"lower_bound":0.6458844916381448,"upper_bound":0.6960923552879035},"point_estimate":0.6790108834549919,"standard_error":0.012575463022439571}}