{"Mean":{"confidence_interval":{"confidence_level":0.95,"lower_bound":-0.037381922503268356,"upper_bound":-0.011040928265942202},"point_estimate":-0.023699490032997095,"standard_error":0.0067548357511181475},"Median":{"confidence_interval":{"confidence_level":0.95,"lower_bound":-0.03309776132055664,"upper_bound":-0.004350765606642715},"point_estimate":-0.019540642385047158,"standard_error":0.0075070427261822266}}