{"Mean":{"confidence_interval":{"confidence_level":0.95,"lower_bound":2551002.991531839,"upper_bound":2575560.901966684},"point_estimate":2562290.340864237,"standard_error":6279.5243227668825},"Median":{"confidence_interval":{"confidence_level":0.95,"lower_bound":2539784.625,"upper_bound":2563278.48},"point_estimate":2550145.921875,"standard_error":5826.547843766094},"MedianAbsDev":{"confidence_interval":{"confidence_level":0.95,"lower_bound":28253.877405801053,"upper_bound":45720.587583356275},"point_estimate":35470.54947860104,"standard_error":4438.914145284126},"Slope":{"confidence_interval":{"confidence_level":0.95,"lower_bound":2550028.470524904,"upper_bound":2566312.029028824},"point_estimate":2558205.002606768,"standard_error":4161.44350070107},"StdDev":{"confidence_interval":{"confidence_level":0.95,"lower_bound":36494.80334722555,"upper_bound":88153.25261810867},"point_estimate":63005.03033270447,"standard_error":13582.196239552391}}