{"Mean":{"confidence_interval":{"confidence_level":0.95,"lower_bound":-0.1333246357293588,"upper_bound":-0.0648608915999735},"point_estimate":-0.09837149989039373,"standard_error":0.017518419009549074},"Median":{"confidence_interval":{"confidence_level":0.95,"lower_bound":-0.06373762596160648,"upper_bound":-0.03744451845449319},"point_estimate":-0.04500956799876077,"standard_error":0.006393685998799073}}