{"Mean":{"confidence_interval":{"confidence_level":0.95,"lower_bound":0.2694145266513964,"upper_bound":0.31917397852064594},"point_estimate":0.2944849501799227,"standard_error":0.012634365267455965},"Median":{"confidence_interval":{"confidence_level":0.95,"lower_bound":0.2660068949522687,"upper_bound":0.30524788021742566},"point_estimate":0.2827397871652677,"standard_error":0.01073381074192057}}