{"Mean":{"confidence_interval":{"confidence_level":0.95,"lower_bound":-0.08631924106162768,"upper_bound":-0.005340390458167803},"point_estimate":-0.047546934883889835,"standard_error":0.021050906369209463},"Median":{"confidence_interval":{"confidence_level":0.95,"lower_bound":-0.08302459721586941,"upper_bound":-0.05555454563273845},"point_estimate":-0.07455515706594673,"standard_error":0.007029073603274337}}