{"Mean":{"confidence_interval":{"confidence_level":0.95,"lower_bound":0.29412538176538605,"upper_bound":0.3707696619758757},"point_estimate":0.3319709028483957,"standard_error":0.019407368941401406},"Median":{"confidence_interval":{"confidence_level":0.95,"lower_bound":0.3292149777394435,"upper_bound":0.3533317904006674},"point_estimate":0.3405112736709055,"standard_error":0.006305121384369022}}