{"Mean":{"confidence_interval":{"confidence_level":0.95,"lower_bound":-0.09090917366734462,"upper_bound":-0.044307854629710396},"point_estimate":-0.06986573912031602,"standard_error":0.011926829492112677},"Median":{"confidence_interval":{"confidence_level":0.95,"lower_bound":-0.09033037928342513,"upper_bound":-0.06343136384432302},"point_estimate":-0.07642530743276643,"standard_error":0.00861965779895335}}