{"Mean":{"confidence_interval":{"confidence_level":0.95,"lower_bound":-0.047684122706365135,"upper_bound":-0.01084194062993428},"point_estimate":-0.028466810305145862,"standard_error":0.009424255847423409},"Median":{"confidence_interval":{"confidence_level":0.95,"lower_bound":-0.043329224936588306,"upper_bound":-0.008515062125388884},"point_estimate":-0.027774100557409476,"standard_error":0.009943981633974296}}