{"Mean":{"confidence_interval":{"confidence_level":0.95,"lower_bound":255531.70886389972,"upper_bound":272247.42699199036},"point_estimate":263068.35998260614,"standard_error":4283.372458280415},"Median":{"confidence_interval":{"confidence_level":0.95,"lower_bound":248175.54583333334,"upper_bound":255012.87765957447},"point_estimate":250963.12564089417,"standard_error":1712.909012865436},"MedianAbsDev":{"confidence_interval":{"confidence_level":0.95,"lower_bound":10489.742807279423,"upper_bound":17433.94714361058},"point_estimate":14678.155578666227,"standard_error":1689.1937921286028},"Slope":{"confidence_interval":{"confidence_level":0.95,"lower_bound":253381.37276520196,"upper_bound":258789.81413077004},"point_estimate":256015.16135436678,"standard_error":1377.2306340251257},"StdDev":{"confidence_interval":{"confidence_level":0.95,"lower_bound":22031.98222827906,"upper_bound":59251.06161553593},"point_estimate":42989.914925593934,"standard_error":9377.565421545303}}