{"Mean":{"confidence_interval":{"confidence_level":0.95,"lower_bound":241018.2676189406,"upper_bound":247797.58721202388},"point_estimate":244080.54806756965,"standard_error":1731.597811799577},"Median":{"confidence_interval":{"confidence_level":0.95,"lower_bound":237152.0285714286,"upper_bound":246840.7546895154},"point_estimate":244168.09600000002,"standard_error":2018.6316144958},"MedianAbsDev":{"confidence_interval":{"confidence_level":0.95,"lower_bound":10328.574236047054,"upper_bound":17351.072888059112},"point_estimate":13568.422417016352,"standard_error":1644.2354625413593},"Slope":{"confidence_interval":{"confidence_level":0.95,"lower_bound":241059.13340916985,"upper_bound":244660.03579411606},"point_estimate":242831.28356435645,"standard_error":919.2381177566697},"StdDev":{"confidence_interval":{"confidence_level":0.95,"lower_bound":10828.220915869406,"upper_bound":24799.650652050652},"point_estimate":17258.958129297316,"standard_error":4257.112260569499}}