{"Mean":{"confidence_interval":{"confidence_level":0.95,"lower_bound":231349.06207559674,"upper_bound":235909.24786732905},"point_estimate":233433.96467401096,"standard_error":1166.838179715066},"Median":{"confidence_interval":{"confidence_level":0.95,"lower_bound":229014.3333333333,"upper_bound":230331.51327961322},"point_estimate":229535.34970238095,"standard_error":337.99280680418724},"MedianAbsDev":{"confidence_interval":{"confidence_level":0.95,"lower_bound":1815.92101871999,"upper_bound":3307.9261543090765},"point_estimate":2441.2016096922525,"standard_error":397.47608469892026},"Slope":{"confidence_interval":{"confidence_level":0.95,"lower_bound":229981.68345136376,"upper_bound":232406.68229856135},"point_estimate":231069.6743118073,"standard_error":620.5996298625313},"StdDev":{"confidence_interval":{"confidence_level":0.95,"lower_bound":6907.341771081711,"upper_bound":15790.055430853026},"point_estimate":11739.245393798681,"standard_error":2267.178302540709}}