{"Mean":{"confidence_interval":{"confidence_level":0.95,"lower_bound":48447.015151130785,"upper_bound":54362.28079732331},"point_estimate":51276.872876927526,"standard_error":1511.3203628885262},"Median":{"confidence_interval":{"confidence_level":0.95,"lower_bound":43482.473469387754,"upper_bound":46237.738},"point_estimate":44519.56283010563,"standard_error":680.5776347989068},"MedianAbsDev":{"confidence_interval":{"confidence_level":0.95,"lower_bound":3474.0028717407918,"upper_bound":7325.626533168038},"point_estimate":5345.7294067306975,"standard_error":986.4971362455346},"Slope":{"confidence_interval":{"confidence_level":0.95,"lower_bound":43525.222101679996,"upper_bound":46011.44070667505},"point_estimate":44628.10710787646,"standard_error":638.0796061905435},"StdDev":{"confidence_interval":{"confidence_level":0.95,"lower_bound":11464.88548696578,"upper_bound":18393.497709718307},"point_estimate":15237.00671904119,"standard_error":1768.955555753573}}