{"Mean":{"confidence_interval":{"confidence_level":0.95,"lower_bound":39737.18700440866,"upper_bound":40401.92935618585},"point_estimate":40006.15740933787,"standard_error":174.49088703753318},"Median":{"confidence_interval":{"confidence_level":0.95,"lower_bound":39573.15849673202,"upper_bound":39727.57291666667},"point_estimate":39654.074673507464,"standard_error":44.670322953333056},"MedianAbsDev":{"confidence_interval":{"confidence_level":0.95,"lower_bound":210.96165756137358,"upper_bound":374.4125654284279},"point_estimate":272.76982921660266,"standard_error":40.70714313305432},"Slope":{"confidence_interval":{"confidence_level":0.95,"lower_bound":39590.483949316585,"upper_bound":39748.281648458564},"point_estimate":39665.37813580612,"standard_error":40.300621183990586},"StdDev":{"confidence_interval":{"confidence_level":0.95,"lower_bound":498.3884895039505,"upper_bound":2843.653440257646},"point_estimate":1756.3740421078269,"standard_error":709.4364312981596}}