{"Mean":{"confidence_interval":{"confidence_level":0.95,"lower_bound":42351.82307895678,"upper_bound":44080.9307119582},"point_estimate":43114.64357494387,"standard_error":445.5020967958711},"Median":{"confidence_interval":{"confidence_level":0.95,"lower_bound":41504.988795518206,"upper_bound":42363.73717948718},"point_estimate":41875.956349206346,"standard_error":189.75885250108539},"MedianAbsDev":{"confidence_interval":{"confidence_level":0.95,"lower_bound":915.8730591241035,"upper_bound":2047.1564695696873},"point_estimate":1358.1806056793855,"standard_error":257.26550547868703},"Slope":{"confidence_interval":{"confidence_level":0.95,"lower_bound":42268.41326015779,"upper_bound":43023.32730777836},"point_estimate":42643.22077899048,"standard_error":192.4229743866115},"StdDev":{"confidence_interval":{"confidence_level":0.95,"lower_bound":1820.3360659357122,"upper_bound":6533.835355561762},"point_estimate":4485.094332387838,"standard_error":1237.8564156964294}}