{"Mean":{"confidence_interval":{"confidence_level":0.95,"lower_bound":50671.39243785021,"upper_bound":52173.246497504675},"point_estimate":51411.572160582546,"standard_error":383.2205572203232},"Median":{"confidence_interval":{"confidence_level":0.95,"lower_bound":50550.07023060797,"upper_bound":51768.45572307932},"point_estimate":51250.67252886003,"standard_error":304.9700371478004},"MedianAbsDev":{"confidence_interval":{"confidence_level":0.95,"lower_bound":2324.3603744344564,"upper_bound":3839.273474187758},"point_estimate":3083.9764462170156,"standard_error":389.83910950618724},"Slope":{"confidence_interval":{"confidence_level":0.95,"lower_bound":51459.31299623484,"upper_bound":52611.34796162558},"point_estimate":52042.45329934486,"standard_error":293.85060850286476},"StdDev":{"confidence_interval":{"confidence_level":0.95,"lower_bound":3123.045436116661,"upper_bound":4568.7738874830575},"point_estimate":3861.035299132537,"standard_error":371.05287068163295}}