{"Mean":{"confidence_interval":{"confidence_level":0.95,"lower_bound":3058660.567890572,"upper_bound":3351745.1286348123},"point_estimate":3197697.1203170475,"standard_error":74776.03546444846},"Median":{"confidence_interval":{"confidence_level":0.95,"lower_bound":2955765.087104073,"upper_bound":3214650.8},"point_estimate":3064656.1759581883,"standard_error":63385.221207039096},"MedianAbsDev":{"confidence_interval":{"confidence_level":0.95,"lower_bound":335113.2568910559,"upper_bound":591957.5763244578},"point_estimate":408472.9770755523,"standard_error":66939.71419194735},"Slope":{"confidence_interval":{"confidence_level":0.95,"lower_bound":3298575.797570548,"upper_bound":3787794.5311858966},"point_estimate":3537347.804983006,"standard_error":125249.83198788817},"StdDev":{"confidence_interval":{"confidence_level":0.95,"lower_bound":534423.0022673388,"upper_bound":963353.530470097},"point_estimate":749901.4263721409,"standard_error":111073.69790851139}}