{"Mean":{"confidence_interval":{"confidence_level":0.95,"lower_bound":-0.0030949449421613664,"upper_bound":0.040873259218373745},"point_estimate":0.018140064411642287,"standard_error":0.011139188346693755},"Median":{"confidence_interval":{"confidence_level":0.95,"lower_bound":-0.007669061332801125,"upper_bound":0.03026852851357753},"point_estimate":0.008544780879005787,"standard_error":0.009084132731878369}}