{"Mean":{"confidence_interval":{"confidence_level":0.95,"lower_bound":-0.10754164494512396,"upper_bound":-0.0411810312468891},"point_estimate":-0.07456095880083258,"standard_error":0.01689203608866994},"Median":{"confidence_interval":{"confidence_level":0.95,"lower_bound":-0.08138826198847982,"upper_bound":0.0001277300182844776},"point_estimate":-0.036419376331176756,"standard_error":0.02099476120375958}}