{"Mean":{"confidence_interval":{"confidence_level":0.95,"lower_bound":-0.005972151879863082,"upper_bound":0.026102322648517674},"point_estimate":0.010139075057025604,"standard_error":0.00809829850046843},"Median":{"confidence_interval":{"confidence_level":0.95,"lower_bound":-0.0021782117109645505,"upper_bound":0.030537705832462736},"point_estimate":0.015497035584613794,"standard_error":0.00753503452538862}}