{"Mean":{"confidence_interval":{"confidence_level":0.95,"lower_bound":-0.02595861798177018,"upper_bound":0.020434341935988223},"point_estimate":-0.0020195689275092077,"standard_error":0.011852446136734066},"Median":{"confidence_interval":{"confidence_level":0.95,"lower_bound":0.002944287474109464,"upper_bound":0.01898345524367384},"point_estimate":0.011341883847282297,"standard_error":0.003898974499857211}}