{"Mean":{"confidence_interval":{"confidence_level":0.95,"lower_bound":-0.03811365772883369,"upper_bound":0.008292983006753657},"point_estimate":-0.014453290978127531,"standard_error":0.011833439304441388},"Median":{"confidence_interval":{"confidence_level":0.95,"lower_bound":-0.019416535077884767,"upper_bound":0.020975115899337204},"point_estimate":-0.0028953343067265047,"standard_error":0.010483116746419493}}