{"Mean":{"confidence_interval":{"confidence_level":0.95,"lower_bound":2094502.7348073656,"upper_bound":2152138.300750189},"point_estimate":2119358.1574407937,"standard_error":14912.946766340898},"Median":{"confidence_interval":{"confidence_level":0.95,"lower_bound":2081669.7532467532,"upper_bound":2114670.8},"point_estimate":2101415.0476190476,"standard_error":8558.54320409768},"MedianAbsDev":{"confidence_interval":{"confidence_level":0.95,"lower_bound":42398.531443639105,"upper_bound":65725.77175384603},"point_estimate":53756.60692536617,"standard_error":5954.079778460854},"Slope":{"confidence_interval":{"confidence_level":0.95,"lower_bound":2103266.0433836044,"upper_bound":2120287.1046917397},"point_estimate":2112002.3981202897,"standard_error":4316.811888207272},"StdDev":{"confidence_interval":{"confidence_level":0.95,"lower_bound":49486.42817486739,"upper_bound":231202.42072825623},"point_estimate":149815.5068395459,"standard_error":46808.01438179613}}