{"Mean":{"confidence_interval":{"confidence_level":0.95,"lower_bound":2114239.6271383883,"upper_bound":2149050.096836144},"point_estimate":2130060.8127340856,"standard_error":8957.540225351346},"Median":{"confidence_interval":{"confidence_level":0.95,"lower_bound":2100068.1275797375,"upper_bound":2117031.019230769},"point_estimate":2106761.4435231537,"standard_error":4358.123881997014},"MedianAbsDev":{"confidence_interval":{"confidence_level":0.95,"lower_bound":23494.748400991368,"upper_bound":44437.457960174324},"point_estimate":30573.854061299957,"standard_error":5216.515318234901},"Slope":{"confidence_interval":{"confidence_level":0.95,"lower_bound":2109166.9175531697,"upper_bound":2143599.138843449},"point_estimate":2124923.730616226,"standard_error":8844.52339110851},"StdDev":{"confidence_interval":{"confidence_level":0.95,"lower_bound":47135.53135357423,"upper_bound":125356.21423672156},"point_estimate":90429.62738295559,"standard_error":20008.993868212467}}