{"Mean":{"confidence_interval":{"confidence_level":0.95,"lower_bound":2113260.9796859887,"upper_bound":2149056.7079982986},"point_estimate":2129167.283970302,"standard_error":9242.37477043469},"Median":{"confidence_interval":{"confidence_level":0.95,"lower_bound":2100380.921666667,"upper_bound":2113680.407407407},"point_estimate":2107024.902730856,"standard_error":3369.963238020493},"MedianAbsDev":{"confidence_interval":{"confidence_level":0.95,"lower_bound":19888.07010599287,"upper_bound":42268.75486961966},"point_estimate":28180.439574697088,"standard_error":5633.001640142257},"Slope":{"confidence_interval":{"confidence_level":0.95,"lower_bound":2111157.3702453882,"upper_bound":2125869.36058628},"point_estimate":2118385.322763411,"standard_error":3754.691882940188},"StdDev":{"confidence_interval":{"confidence_level":0.95,"lower_bound":40500.718624376896,"upper_bound":134143.58604983328},"point_estimate":93043.5118251305,"standard_error":24429.190193506605}}