{"Mean":{"confidence_interval":{"confidence_level":0.95,"lower_bound":2150446.396821736,"upper_bound":2186300.051987334},"point_estimate":2166830.8253807216,"standard_error":9188.02122860474},"Median":{"confidence_interval":{"confidence_level":0.95,"lower_bound":2131331.4915674604,"upper_bound":2162965.602962963},"point_estimate":2148603.6173708923,"standard_error":8552.834675841175},"MedianAbsDev":{"confidence_interval":{"confidence_level":0.95,"lower_bound":34658.08112342056,"upper_bound":60050.28104753061},"point_estimate":48900.94584705607,"standard_error":6369.87656520787},"Slope":{"confidence_interval":{"confidence_level":0.95,"lower_bound":2144098.9017540743,"upper_bound":2163620.986615707},"point_estimate":2153349.0940239397,"standard_error":4983.02444681293},"StdDev":{"confidence_interval":{"confidence_level":0.95,"lower_bound":51582.354788599354,"upper_bound":128039.45658994338},"point_estimate":92555.05951182562,"standard_error":19521.579316932137}}