{"Mean":{"confidence_interval":{"confidence_level":0.95,"lower_bound":3816547.6955330563,"upper_bound":3874308.6726855976},"point_estimate":3843755.677178411,"standard_error":14693.803931352391},"Median":{"confidence_interval":{"confidence_level":0.95,"lower_bound":3788098.8091009986,"upper_bound":3829983.909090909},"point_estimate":3807911.18746406,"standard_error":11202.612478822477},"MedianAbsDev":{"confidence_interval":{"confidence_level":0.95,"lower_bound":73371.50537978046,"upper_bound":119991.5012309379},"point_estimate":99732.6894780789,"standard_error":11694.53052001922},"Slope":{"confidence_interval":{"confidence_level":0.95,"lower_bound":3793555.327142435,"upper_bound":3826716.8034223095},"point_estimate":3809425.179045367,"standard_error":8423.660558302725},"StdDev":{"confidence_interval":{"confidence_level":0.95,"lower_bound":103825.63377089839,"upper_bound":187498.76563716054},"point_estimate":146984.02315115006,"standard_error":21521.775933092118}}