{"Mean":{"confidence_interval":{"confidence_level":0.95,"lower_bound":3671720.078856123,"upper_bound":3745566.0295605306},"point_estimate":3702448.6600654125,"standard_error":19247.777553869466},"Median":{"confidence_interval":{"confidence_level":0.95,"lower_bound":3659089.0,"upper_bound":3671024.3930930933},"point_estimate":3666436.5255555557,"standard_error":2934.2005604376714},"MedianAbsDev":{"confidence_interval":{"confidence_level":0.95,"lower_bound":23920.106191550738,"upper_bound":44827.9594204457},"point_estimate":31969.341121097634,"standard_error":5416.691577946654},"Slope":{"confidence_interval":{"confidence_level":0.95,"lower_bound":3663648.6384269954,"upper_bound":3679580.954017328},"point_estimate":3671411.4879710358,"standard_error":4057.2062544749124},"StdDev":{"confidence_interval":{"confidence_level":0.95,"lower_bound":46414.49964716025,"upper_bound":307058.76387673395},"point_estimate":192842.48187737225,"standard_error":69951.19974755979}}