{"Mean":{"confidence_interval":{"confidence_level":0.95,"lower_bound":-0.0330712372727382,"upper_bound":-0.014615181784553887},"point_estimate":-0.022787361940792006,"standard_error":0.0047182124102406455},"Median":{"confidence_interval":{"confidence_level":0.95,"lower_bound":-0.030403249029713447,"upper_bound":-0.01766998524032942},"point_estimate":-0.02555723443952751,"standard_error":0.003333536935421463}}