{"Mean":{"confidence_interval":{"confidence_level":0.95,"lower_bound":-0.006265267122926675,"upper_bound":0.018158665518220367},"point_estimate":0.005645879314230884,"standard_error":0.00618822250031519},"Median":{"confidence_interval":{"confidence_level":0.95,"lower_bound":0.0024140224147175217,"upper_bound":0.015080131326586477},"point_estimate":0.00998408006525664,"standard_error":0.0033070786817485944}}