{"Mean":{"confidence_interval":{"confidence_level":0.95,"lower_bound":0.2462135210519697,"upper_bound":0.2733573417866236},"point_estimate":0.25996389600439396,"standard_error":0.006972521130753524},"Median":{"confidence_interval":{"confidence_level":0.95,"lower_bound":0.2521536625677274,"upper_bound":0.27307815220524767},"point_estimate":0.25999223395718785,"standard_error":0.0052604024758795866}}