{"Mean":{"confidence_interval":{"confidence_level":0.95,"lower_bound":-0.05331767638190412,"upper_bound":-0.03796836445054999},"point_estimate":-0.04582400484128679,"standard_error":0.0039459047312696525},"Median":{"confidence_interval":{"confidence_level":0.95,"lower_bound":-0.052663138523769026,"upper_bound":-0.04218218038762889},"point_estimate":-0.046431003698261364,"standard_error":0.0026322709468008174}}