{"Mean":{"confidence_interval":{"confidence_level":0.95,"lower_bound":0.0029300278703317307,"upper_bound":0.04530566133723743},"point_estimate":0.02459342931933084,"standard_error":0.010859961471544435},"Median":{"confidence_interval":{"confidence_level":0.95,"lower_bound":-0.013050482263974166,"upper_bound":0.015432367920034806},"point_estimate":-0.001797446927628621,"standard_error":0.007070271253980281}}