{"Mean":{"confidence_interval":{"confidence_level":0.95,"lower_bound":-0.09957216078150176,"upper_bound":-0.08183701518425594},"point_estimate":-0.09058433097041718,"standard_error":0.004522050703307973},"Median":{"confidence_interval":{"confidence_level":0.95,"lower_bound":-0.09493685787042803,"upper_bound":-0.08230700695492799},"point_estimate":-0.0891612877433785,"standard_error":0.003125765985879329}}