{"Mean":{"confidence_interval":{"confidence_level":0.95,"lower_bound":-0.10679444819951522,"upper_bound":-0.040099200541250664},"point_estimate":-0.07182152886698434,"standard_error":0.016992637305628194},"Median":{"confidence_interval":{"confidence_level":0.95,"lower_bound":-0.051121726437046155,"upper_bound":-0.025494574438858497},"point_estimate":-0.035778680302419374,"standard_error":0.006436095571426561}}