{"Mean":{"confidence_interval":{"confidence_level":0.95,"lower_bound":-0.008933388109849408,"upper_bound":0.026784302447679053},"point_estimate":0.006503202549769105,"standard_error":0.00913999210038988},"Median":{"confidence_interval":{"confidence_level":0.95,"lower_bound":-0.011504683363817492,"upper_bound":-0.004942387715889174},"point_estimate":-0.008310383516067832,"standard_error":0.001590933109269121}}