{"Mean":{"confidence_interval":{"confidence_level":0.95,"lower_bound":-0.037778532314056174,"upper_bound":-0.01228059321708454},"point_estimate":-0.024650769750178214,"standard_error":0.0064766454786990705},"Median":{"confidence_interval":{"confidence_level":0.95,"lower_bound":-0.03717128368313116,"upper_bound":-0.01917289688631174},"point_estimate":-0.02610336637021704,"standard_error":0.004644869880793565}}