{"Mean":{"confidence_interval":{"confidence_level":0.95,"lower_bound":-0.10246853337800248,"upper_bound":-0.07006072437528837},"point_estimate":-0.08555235926445814,"standard_error":0.008233498829385988},"Median":{"confidence_interval":{"confidence_level":0.95,"lower_bound":-0.08387083179901111,"upper_bound":-0.06456977531682818},"point_estimate":-0.07483648864794579,"standard_error":0.005152408360015951}}