{"Mean":{"confidence_interval":{"confidence_level":0.95,"lower_bound":-0.13476181052548475,"upper_bound":-0.07712882470559383},"point_estimate":-0.10407378454380989,"standard_error":0.014782805494321974},"Median":{"confidence_interval":{"confidence_level":0.95,"lower_bound":-0.1007055365236349,"upper_bound":-0.064252724370643},"point_estimate":-0.07326381461417453,"standard_error":0.009314429000653967}}