{"Mean":{"confidence_interval":{"confidence_level":0.95,"lower_bound":-0.014620020470588418,"upper_bound":0.010802863904306697},"point_estimate":-0.0018214665400699825,"standard_error":0.006476545954146438},"Median":{"confidence_interval":{"confidence_level":0.95,"lower_bound":-0.009585222181345388,"upper_bound":0.008869769567676117},"point_estimate":-0.001329005089055757,"standard_error":0.004689185146262082}}