{"Mean":{"confidence_interval":{"confidence_level":0.95,"lower_bound":30591.838172845004,"upper_bound":31292.381162558715},"point_estimate":30885.03788366613,"standard_error":181.98546445839494},"Median":{"confidence_interval":{"confidence_level":0.95,"lower_bound":30405.346486175116,"upper_bound":30661.4888337469},"point_estimate":30577.73101987618,"standard_error":63.995221012954794},"MedianAbsDev":{"confidence_interval":{"confidence_level":0.95,"lower_bound":337.7416384706273,"upper_bound":506.85935656679084},"point_estimate":441.69927109668794,"standard_error":42.5997384206366},"Slope":{"confidence_interval":{"confidence_level":0.95,"lower_bound":30330.323148156967,"upper_bound":30677.144428746833},"point_estimate":30481.858744762296,"standard_error":88.73015603747034},"StdDev":{"confidence_interval":{"confidence_level":0.95,"lower_bound":617.5505512854749,"upper_bound":2885.8987065870183},"point_estimate":1835.309984446693,"standard_error":640.8913351120976}}