{"Mean":{"confidence_interval":{"confidence_level":0.95,"lower_bound":32145.598636594466,"upper_bound":33179.76097094764},"point_estimate":32615.204584939467,"standard_error":265.54198289897147},"Median":{"confidence_interval":{"confidence_level":0.95,"lower_bound":31511.02832880435,"upper_bound":32297.94140625},"point_estimate":31894.88595692502,"standard_error":195.40770312178205},"MedianAbsDev":{"confidence_interval":{"confidence_level":0.95,"lower_bound":879.4167075843474,"upper_bound":1794.5226194772013},"point_estimate":1309.3130246505023,"standard_error":231.7172658972661},"Slope":{"confidence_interval":{"confidence_level":0.95,"lower_bound":32231.070140179538,"upper_bound":33767.30994219397},"point_estimate":32932.068971848676,"standard_error":394.4901029430739},"StdDev":{"confidence_interval":{"confidence_level":0.95,"lower_bound":1481.8177567514167,"upper_bound":3839.18576724209},"point_estimate":2680.775870702553,"standard_error":631.3463320933188}}