{"Mean":{"confidence_interval":{"confidence_level":0.95,"lower_bound":2032318.2161774242,"upper_bound":2072819.5970138272},"point_estimate":2050207.824649443,"standard_error":10445.84577546859},"Median":{"confidence_interval":{"confidence_level":0.95,"lower_bound":2018631.7809343436,"upper_bound":2039779.9611005692},"point_estimate":2031711.6035926056,"standard_error":5886.259757272983},"MedianAbsDev":{"confidence_interval":{"confidence_level":0.95,"lower_bound":29443.56655419529,"upper_bound":57064.122666096184},"point_estimate":43933.78162817724,"standard_error":6822.455302142147},"Slope":{"confidence_interval":{"confidence_level":0.95,"lower_bound":2036436.6904226155,"upper_bound":2057132.8389324716},"point_estimate":2046724.691624058,"standard_error":5273.837017013094},"StdDev":{"confidence_interval":{"confidence_level":0.95,"lower_bound":46897.72659605615,"upper_bound":156568.30642440324},"point_estimate":104802.71717478674,"standard_error":29153.657142401244}}