{"Mean":{"confidence_interval":{"confidence_level":0.95,"lower_bound":2308693.108686698,"upper_bound":2389443.309257807},"point_estimate":2347614.5383866415,"standard_error":20697.760372300545},"Median":{"confidence_interval":{"confidence_level":0.95,"lower_bound":2208190.103896104,"upper_bound":2359256.2947303923},"point_estimate":2261290.8483896307,"standard_error":53068.34620833701},"MedianAbsDev":{"confidence_interval":{"confidence_level":0.95,"lower_bound":66894.32060688268,"upper_bound":243219.46459726483},"point_estimate":143088.6568896687,"standard_error":56565.794710366026},"Slope":{"confidence_interval":{"confidence_level":0.95,"lower_bound":2214461.250360275,"upper_bound":2252463.0878446638},"point_estimate":2231125.821598936,"standard_error":9721.17107505996},"StdDev":{"confidence_interval":{"confidence_level":0.95,"lower_bound":168901.69253664074,"upper_bound":242071.04534136617},"point_estimate":208040.85029978526,"standard_error":18689.053744548517}}