{"Mean":{"confidence_interval":{"confidence_level":0.95,"lower_bound":2139372.825684189,"upper_bound":2188312.7411828856},"point_estimate":2160918.249760965,"standard_error":12608.933881203304},"Median":{"confidence_interval":{"confidence_level":0.95,"lower_bound":2127615.344323999,"upper_bound":2143103.455882353},"point_estimate":2134451.2776666153,"standard_error":4127.608523748904},"MedianAbsDev":{"confidence_interval":{"confidence_level":0.95,"lower_bound":25536.220491356373,"upper_bound":42325.91936718986},"point_estimate":32584.85458787666,"standard_error":4188.9208469054065},"Slope":{"confidence_interval":{"confidence_level":0.95,"lower_bound":2130241.9886454633,"upper_bound":2144192.5400260347},"point_estimate":2136944.6439249297,"standard_error":3563.556856350694},"StdDev":{"confidence_interval":{"confidence_level":0.95,"lower_bound":51245.10627092376,"upper_bound":184834.43860638372},"point_estimate":126250.26134195608,"standard_error":33883.11597172993}}