{"Mean":{"confidence_interval":{"confidence_level":0.95,"lower_bound":1958063.266050953,"upper_bound":1987491.4444119816},"point_estimate":1970896.891364601,"standard_error":7596.875037202208},"Median":{"confidence_interval":{"confidence_level":0.95,"lower_bound":1948639.453525641,"upper_bound":1962241.5},"point_estimate":1956999.3055555555,"standard_error":3245.960581336004},"MedianAbsDev":{"confidence_interval":{"confidence_level":0.95,"lower_bound":18746.7582507872,"upper_bound":30719.968037423525},"point_estimate":23811.442632101134,"standard_error":2996.958071120193},"Slope":{"confidence_interval":{"confidence_level":0.95,"lower_bound":1957553.2182656866,"upper_bound":1974333.9580257996},"point_estimate":1965445.6123481602,"standard_error":4277.834945871625},"StdDev":{"confidence_interval":{"confidence_level":0.95,"lower_bound":33871.47748532745,"upper_bound":116467.35608268784},"point_estimate":76603.92002441273,"standard_error":23207.693767053115}}