{"Mean":{"confidence_interval":{"confidence_level":0.95,"lower_bound":12138.3165291517,"upper_bound":12573.511440010427},"point_estimate":12324.437442506429,"standard_error":112.15465309306914},"Median":{"confidence_interval":{"confidence_level":0.95,"lower_bound":11989.46461038961,"upper_bound":12047.83841540404},"point_estimate":12022.683838940982,"standard_error":16.47151534891384},"MedianAbsDev":{"confidence_interval":{"confidence_level":0.95,"lower_bound":85.28661610551283,"upper_bound":160.7458217350942},"point_estimate":127.24131164710771,"standard_error":19.89192873487724},"Slope":{"confidence_interval":{"confidence_level":0.95,"lower_bound":12041.136962230112,"upper_bound":12330.629653035787},"point_estimate":12155.652881372838,"standard_error":76.58389834089078},"StdDev":{"confidence_interval":{"confidence_level":0.95,"lower_bound":417.47964175212354,"upper_bound":1746.022490211101},"point_estimate":1129.8882569663135,"standard_error":365.92920920063847}}