{"Mean":{"confidence_interval":{"confidence_level":0.95,"lower_bound":12075.61840794926,"upper_bound":12367.381787928642},"point_estimate":12210.45060958038,"standard_error":74.47589102138853},"Median":{"confidence_interval":{"confidence_level":0.95,"lower_bound":11924.534391534391,"upper_bound":12074.738550265052},"point_estimate":12011.265413537822,"standard_error":37.72706381700154},"MedianAbsDev":{"confidence_interval":{"confidence_level":0.95,"lower_bound":258.02795533986404,"upper_bound":398.1247190596541},"point_estimate":347.4822228794895,"standard_error":36.91227978052553},"Slope":{"confidence_interval":{"confidence_level":0.95,"lower_bound":11998.954766756093,"upper_bound":12091.106109988243},"point_estimate":12042.958037681048,"standard_error":23.53199974545946},"StdDev":{"confidence_interval":{"confidence_level":0.95,"lower_bound":477.9487352489382,"upper_bound":995.153694516707},"point_estimate":748.8068763442342,"standard_error":133.29185757801025}}