{"Mean":{"confidence_interval":{"confidence_level":0.95,"lower_bound":12765.414518253006,"upper_bound":13145.229549110196},"point_estimate":12930.226091575549,"standard_error":97.77718595396685},"Median":{"confidence_interval":{"confidence_level":0.95,"lower_bound":12575.495245825603,"upper_bound":12826.140367965367},"point_estimate":12726.670617567124,"standard_error":53.85889034508755},"MedianAbsDev":{"confidence_interval":{"confidence_level":0.95,"lower_bound":321.92668292518607,"upper_bound":569.8762042703946},"point_estimate":463.45577443193076,"standard_error":56.33257343071485},"Slope":{"confidence_interval":{"confidence_level":0.95,"lower_bound":12748.827333531557,"upper_bound":12930.984805160548},"point_estimate":12834.207110979754,"standard_error":46.44318268046253},"StdDev":{"confidence_interval":{"confidence_level":0.95,"lower_bound":486.4099873556763,"upper_bound":1485.3286846782887},"point_estimate":979.6768473982391,"standard_error":304.72355650898254}}