{"Mean":{"confidence_interval":{"confidence_level":0.95,"lower_bound":12045.620006291754,"upper_bound":12350.8417696083},"point_estimate":12183.728255878146,"standard_error":78.03855138371694},"Median":{"confidence_interval":{"confidence_level":0.95,"lower_bound":11927.26001984127,"upper_bound":12098.749548282083},"point_estimate":12017.068714649322,"standard_error":52.118446022524914},"MedianAbsDev":{"confidence_interval":{"confidence_level":0.95,"lower_bound":303.5309094829173,"upper_bound":592.1698886118829},"point_estimate":445.08815151439654,"standard_error":75.81223685558751},"Slope":{"confidence_interval":{"confidence_level":0.95,"lower_bound":12022.417831782175,"upper_bound":12189.549416118552},"point_estimate":12104.838869070489,"standard_error":42.64224026994291},"StdDev":{"confidence_interval":{"confidence_level":0.95,"lower_bound":453.6733551060436,"upper_bound":1144.5174779120114},"point_estimate":789.4540374865543,"standard_error":200.583280554549}}