{"Mean":{"confidence_interval":{"confidence_level":0.95,"lower_bound":-0.02401134612628069,"upper_bound":0.007247717070506103},"point_estimate":-0.008303090965208315,"standard_error":0.007900506248981023},"Median":{"confidence_interval":{"confidence_level":0.95,"lower_bound":-0.023092541248868725,"upper_bound":-0.0064610793200635674},"point_estimate":-0.01477345567106736,"standard_error":0.004113705223516448}}