{"Mean":{"confidence_interval":{"confidence_level":0.95,"lower_bound":0.010453475498144694,"upper_bound":0.038639218258281614},"point_estimate":0.02398770412975937,"standard_error":0.0070786138271910215},"Median":{"confidence_interval":{"confidence_level":0.95,"lower_bound":0.016992852277090353,"upper_bound":0.03343506999735867},"point_estimate":0.02431156563150516,"standard_error":0.00421927961848623}}