{"Mean":{"confidence_interval":{"confidence_level":0.95,"lower_bound":-0.02714079944732015,"upper_bound":0.010005334973971047},"point_estimate":-0.011102279495768252,"standard_error":0.009465043334844816},"Median":{"confidence_interval":{"confidence_level":0.95,"lower_bound":-0.03629915916200788,"upper_bound":-0.016973066622450794},"point_estimate":-0.03071618207987048,"standard_error":0.005024765267467091}}