{"Mean":{"confidence_interval":{"confidence_level":0.95,"lower_bound":-0.046403900969543624,"upper_bound":-0.015022304581149136},"point_estimate":-0.029689910897000016,"standard_error":0.007999914435484938},"Median":{"confidence_interval":{"confidence_level":0.95,"lower_bound":-0.030161043229934847,"upper_bound":-0.009744804593917758},"point_estimate":-0.020216081425962207,"standard_error":0.0051157108550990826}}