{"Mean":{"confidence_interval":{"confidence_level":0.95,"lower_bound":-0.06880254487612229,"upper_bound":-0.03932232649675465},"point_estimate":-0.05411231735569488,"standard_error":0.007497522613873142},"Median":{"confidence_interval":{"confidence_level":0.95,"lower_bound":-0.06858348164601796,"upper_bound":-0.04174585912255868},"point_estimate":-0.05801691834906697,"standard_error":0.006849331709032054}}