{"Mean":{"confidence_interval":{"confidence_level":0.95,"lower_bound":-0.05868021003218487,"upper_bound":-0.010058001029269249},"point_estimate":-0.033961630269963905,"standard_error":0.012382524698971716},"Median":{"confidence_interval":{"confidence_level":0.95,"lower_bound":-0.022890143550351016,"upper_bound":0.0016965458879716344},"point_estimate":-0.011870481664270738,"standard_error":0.006221055884579463}}