{"Mean":{"confidence_interval":{"confidence_level":0.95,"lower_bound":-0.017309736775862176,"upper_bound":0.01415815743997271},"point_estimate":-0.0031242013850870665,"standard_error":0.00806188346019937},"Median":{"confidence_interval":{"confidence_level":0.95,"lower_bound":-0.029749015504525578,"upper_bound":-0.012038809744465473},"point_estimate":-0.021042394597905356,"standard_error":0.004418158815726376}}