{"Mean":{"confidence_interval":{"confidence_level":0.95,"lower_bound":0.029944452813608705,"upper_bound":0.09085987773649179},"point_estimate":0.058688008927360924,"standard_error":0.015439252892613267},"Median":{"confidence_interval":{"confidence_level":0.95,"lower_bound":0.051296258721206196,"upper_bound":0.08268026225171157},"point_estimate":0.06808869620057512,"standard_error":0.008181368467425959}}