{"Mean":{"confidence_interval":{"confidence_level":0.95,"lower_bound":3048980.4112786995,"upper_bound":3160123.928259967},"point_estimate":3097759.8356268024,"standard_error":28489.119071386358},"Median":{"confidence_interval":{"confidence_level":0.95,"lower_bound":3048988.9487179485,"upper_bound":3117902.9137931033},"point_estimate":3098251.32597999,"standard_error":16630.281543444904},"MedianAbsDev":{"confidence_interval":{"confidence_level":0.95,"lower_bound":89804.90479432346,"upper_bound":167098.61288967764},"point_estimate":130765.47414846432,"standard_error":19076.033061563896},"Slope":{"confidence_interval":{"confidence_level":0.95,"lower_bound":3137626.315327224,"upper_bound":3380690.8395896824},"point_estimate":3236260.2609516773,"standard_error":64802.25633631391},"StdDev":{"confidence_interval":{"confidence_level":0.95,"lower_bound":149470.36132265464,"upper_bound":430021.249147145},"point_estimate":285295.394387307,"standard_error":83505.96824222061}}