{"Mean":{"confidence_interval":{"confidence_level":0.95,"lower_bound":2905166.5999484356,"upper_bound":2961154.9889778765},"point_estimate":2932207.952344122,"standard_error":14237.727802469148},"Median":{"confidence_interval":{"confidence_level":0.95,"lower_bound":2922411.0725274724,"upper_bound":2948385.94081916},"point_estimate":2934624.67544792,"standard_error":7065.828758812348},"MedianAbsDev":{"confidence_interval":{"confidence_level":0.95,"lower_bound":46112.95821733128,"upper_bound":90311.73473101668},"point_estimate":60511.754909841686,"standard_error":11707.536148367486},"Slope":{"confidence_interval":{"confidence_level":0.95,"lower_bound":2938223.1481559225,"upper_bound":2968744.9894927214},"point_estimate":2953797.1719018766,"standard_error":7787.896819869619},"StdDev":{"confidence_interval":{"confidence_level":0.95,"lower_bound":92005.87211167658,"upper_bound":189988.1138413615},"point_estimate":143346.3650543928,"standard_error":25137.460786298376}}