{"Mean":{"confidence_interval":{"confidence_level":0.95,"lower_bound":3050441.994954666,"upper_bound":3124731.160711237},"point_estimate":3084800.155859675,"standard_error":18972.01582879756},"Median":{"confidence_interval":{"confidence_level":0.95,"lower_bound":3042543.6086956523,"upper_bound":3079113.01},"point_estimate":3060276.733440171,"standard_error":8852.325627110626},"MedianAbsDev":{"confidence_interval":{"confidence_level":0.95,"lower_bound":57576.42496599567,"upper_bound":102479.70422671521},"point_estimate":87391.2628878014,"standard_error":11668.101406924015},"Slope":{"confidence_interval":{"confidence_level":0.95,"lower_bound":3069055.80573177,"upper_bound":3104298.9683953295},"point_estimate":3086451.6979754693,"standard_error":9018.538977975706},"StdDev":{"confidence_interval":{"confidence_level":0.95,"lower_bound":110629.7678225771,"upper_bound":262345.42458546435},"point_estimate":191142.52272226525,"standard_error":39283.942281308235}}