{"Mean":{"confidence_interval":{"confidence_level":0.95,"lower_bound":-0.9669949083080125,"upper_bound":-0.9644721548935109},"point_estimate":-0.9658054668143998,"standard_error":0.0006505607139815203},"Median":{"confidence_interval":{"confidence_level":0.95,"lower_bound":-0.9676534382319543,"upper_bound":-0.9666367303944042},"point_estimate":-0.9673442754473289,"standard_error":0.00023809735792075162}}