{"Mean":{"confidence_interval":{"confidence_level":0.95,"lower_bound":-0.09897682907932995,"upper_bound":-0.04613025635999013},"point_estimate":-0.07296707202108976,"standard_error":0.01344772535871072},"Median":{"confidence_interval":{"confidence_level":0.95,"lower_bound":-0.053628315277304606,"upper_bound":-0.0278631710981202},"point_estimate":-0.03684963687397946,"standard_error":0.007057345904422075}}