{"Mean":{"confidence_interval":{"confidence_level":0.95,"lower_bound":0.01156330845000555,"upper_bound":0.08050158443219614},"point_estimate":0.04615343257814297,"standard_error":0.017561847746404895},"Median":{"confidence_interval":{"confidence_level":0.95,"lower_bound":0.048607088047320744,"upper_bound":0.09284989428817059},"point_estimate":0.06854130440933681,"standard_error":0.011448015435863632}}