{"Mean":{"confidence_interval":{"confidence_level":0.95,"lower_bound":-0.011273026838501015,"upper_bound":0.040372215303944296},"point_estimate":0.011709536800843523,"standard_error":0.013227290465693863},"Median":{"confidence_interval":{"confidence_level":0.95,"lower_bound":-0.005419939649483174,"upper_bound":0.010044147430348316},"point_estimate":0.0013510978532336182,"standard_error":0.003970196205875749}}