{"Mean":{"confidence_interval":{"confidence_level":0.95,"lower_bound":133016.92264809186,"upper_bound":136196.63379768576},"point_estimate":134446.25414408257,"standard_error":812.5209155309365},"Median":{"confidence_interval":{"confidence_level":0.95,"lower_bound":131376.44043458783,"upper_bound":133716.71875},"point_estimate":131991.09045407636,"standard_error":594.3031417664838},"MedianAbsDev":{"confidence_interval":{"confidence_level":0.95,"lower_bound":3507.3944796062997,"upper_bound":6372.553108006001},"point_estimate":4369.2046784607855,"standard_error":749.9203565287809},"Slope":{"confidence_interval":{"confidence_level":0.95,"lower_bound":132540.30879111268,"upper_bound":134867.0645250861},"point_estimate":133641.43488842915,"standard_error":594.2805640050998},"StdDev":{"confidence_interval":{"confidence_level":0.95,"lower_bound":4667.432457125939,"upper_bound":11874.643538967992},"point_estimate":8150.3413636437035,"standard_error":2096.451322788872}}