{"Mean":{"confidence_interval":{"confidence_level":0.95,"lower_bound":139049.38918471755,"upper_bound":142718.42289033058},"point_estimate":140741.08609958648,"standard_error":940.7224795073457},"Median":{"confidence_interval":{"confidence_level":0.95,"lower_bound":136957.0825,"upper_bound":140947.0928848604},"point_estimate":138804.29424867022,"standard_error":1193.3755679711596},"MedianAbsDev":{"confidence_interval":{"confidence_level":0.95,"lower_bound":5089.419869310036,"upper_bound":7840.175530184055},"point_estimate":6146.86229176229,"standard_error":698.8961614015034},"Slope":{"confidence_interval":{"confidence_level":0.95,"lower_bound":139333.91511206003,"upper_bound":141148.52388916796},"point_estimate":140243.6685381262,"standard_error":462.1234187419445},"StdDev":{"confidence_interval":{"confidence_level":0.95,"lower_bound":6111.134939789898,"upper_bound":13013.01020316754},"point_estimate":9447.239674199025,"standard_error":1894.8690578093103}}