{"Mean":{"confidence_interval":{"confidence_level":0.95,"lower_bound":126981.52226062627,"upper_bound":130355.09257676036},"point_estimate":128374.66111208271,"standard_error":877.0051494484267},"Median":{"confidence_interval":{"confidence_level":0.95,"lower_bound":126065.48092830883,"upper_bound":126397.20518867925},"point_estimate":126217.75281613372,"standard_error":80.12715338929137},"MedianAbsDev":{"confidence_interval":{"confidence_level":0.95,"lower_bound":511.6625599502615,"upper_bound":1059.8642672067142},"point_estimate":783.0161464927933,"standard_error":139.738710847357},"Slope":{"confidence_interval":{"confidence_level":0.95,"lower_bound":126234.148139566,"upper_bound":128286.12699168792},"point_estimate":126989.73667245456,"standard_error":555.3109843393016},"StdDev":{"confidence_interval":{"confidence_level":0.95,"lower_bound":2641.6064544807323,"upper_bound":14028.03324661272},"point_estimate":8806.243053595272,"standard_error":3270.062133694777}}