{"Mean":{"confidence_interval":{"confidence_level":0.95,"lower_bound":-0.0792822182003955,"upper_bound":-0.04553960874829319},"point_estimate":-0.06292767696980883,"standard_error":0.008584153910060354},"Median":{"confidence_interval":{"confidence_level":0.95,"lower_bound":-0.07997099384378181,"upper_bound":-0.036903232486606395},"point_estimate":-0.05205057508345445,"standard_error":0.011287588251942827}}