{"Mean":{"confidence_interval":{"confidence_level":0.95,"lower_bound":0.29423670507428357,"upper_bound":0.3664769939746577},"point_estimate":0.327111421270589,"standard_error":0.01860977451322425},"Median":{"confidence_interval":{"confidence_level":0.95,"lower_bound":0.2829867972472002,"upper_bound":0.32023586087032907},"point_estimate":0.2955180028070714,"standard_error":0.009408611620551408}}