{"Mean":{"confidence_interval":{"confidence_level":0.95,"lower_bound":-0.010881648168467761,"upper_bound":0.031149761626111265},"point_estimate":0.010543284610191161,"standard_error":0.010772752113360484},"Median":{"confidence_interval":{"confidence_level":0.95,"lower_bound":-0.01019303975306085,"upper_bound":0.042268729091367696},"point_estimate":0.01134430899144978,"standard_error":0.013545516828097067}}