{"Mean":{"confidence_interval":{"confidence_level":0.95,"lower_bound":-0.20972403272417875,"upper_bound":-0.10627952677992498},"point_estimate":-0.15917954516404065,"standard_error":0.026369888258695504},"Median":{"confidence_interval":{"confidence_level":0.95,"lower_bound":-0.09225820238030702,"upper_bound":-0.03557261221027397},"point_estimate":-0.05938078257838564,"standard_error":0.014753978697195247}}