{"Mean":{"confidence_interval":{"confidence_level":0.95,"lower_bound":0.26230741917042394,"upper_bound":0.3049894447654562},"point_estimate":0.2850914831571034,"standard_error":0.011162466699653968},"Median":{"confidence_interval":{"confidence_level":0.95,"lower_bound":0.2758224598704744,"upper_bound":0.30374943954519695},"point_estimate":0.29244404139633473,"standard_error":0.007707843022320019}}