{"Mean":{"confidence_interval":{"confidence_level":0.95,"lower_bound":-0.09411443149928526,"upper_bound":-0.05332237304165677},"point_estimate":-0.07209815292112254,"standard_error":0.01043577238595217},"Median":{"confidence_interval":{"confidence_level":0.95,"lower_bound":-0.06445414320098197,"upper_bound":-0.045507227624076774},"point_estimate":-0.05305864914870162,"standard_error":0.004423234326050581}}