{"Mean":{"confidence_interval":{"confidence_level":0.95,"lower_bound":-0.03322765860258776,"upper_bound":-0.0026996685034922194},"point_estimate":-0.017704648987901916,"standard_error":0.007774362478783293},"Median":{"confidence_interval":{"confidence_level":0.95,"lower_bound":-0.01291423250084491,"upper_bound":-0.004243424496572001},"point_estimate":-0.009591889347006166,"standard_error":0.0022314610709640486}}