{"Mean":{"confidence_interval":{"confidence_level":0.95,"lower_bound":-0.0705666528987993,"upper_bound":-0.0440411818496803},"point_estimate":-0.058446387394055055,"standard_error":0.006904189319761315},"Median":{"confidence_interval":{"confidence_level":0.95,"lower_bound":-0.07819787117797838,"upper_bound":-0.06136130521633698},"point_estimate":-0.07204833829774548,"standard_error":0.00473205573508677}}