{"Mean":{"confidence_interval":{"confidence_level":0.95,"lower_bound":-0.07545061764932834,"upper_bound":-0.05374626631461505},"point_estimate":-0.06476309306404959,"standard_error":0.005534472966211742},"Median":{"confidence_interval":{"confidence_level":0.95,"lower_bound":-0.07085535124181852,"upper_bound":-0.044372068398554725},"point_estimate":-0.05666218376320953,"standard_error":0.006434821011637305}}