{"Mean":{"confidence_interval":{"confidence_level":0.95,"lower_bound":0.06259227838377159,"upper_bound":0.08841597441125393},"point_estimate":0.07588861722210849,"standard_error":0.006573645008236844},"Median":{"confidence_interval":{"confidence_level":0.95,"lower_bound":0.06427162347642912,"upper_bound":0.087776798902825},"point_estimate":0.0756017441890866,"standard_error":0.005746190981664282}}