{"Mean":{"confidence_interval":{"confidence_level":0.95,"lower_bound":-0.037863980737206586,"upper_bound":-0.012841969208512008},"point_estimate":-0.02507651664238031,"standard_error":0.006351371425449099},"Median":{"confidence_interval":{"confidence_level":0.95,"lower_bound":-0.024291219671364148,"upper_bound":-0.007497801171702075},"point_estimate":-0.017367923061900825,"standard_error":0.003884435171873583}}