{"Mean":{"confidence_interval":{"confidence_level":0.95,"lower_bound":-0.01940793738863591,"upper_bound":0.02302646516950893},"point_estimate":0.0034137414899662044,"standard_error":0.010827951844769387},"Median":{"confidence_interval":{"confidence_level":0.95,"lower_bound":-0.004069455666913877,"upper_bound":0.014603052429787322},"point_estimate":0.004032414213629432,"standard_error":0.004599900610321024}}