{"Mean":{"confidence_interval":{"confidence_level":0.95,"lower_bound":-0.012019088180507273,"upper_bound":0.020955521399764497},"point_estimate":0.004602849676707654,"standard_error":0.008353638129925537},"Median":{"confidence_interval":{"confidence_level":0.95,"lower_bound":-0.0011452977493221494,"upper_bound":0.014747425852620843},"point_estimate":0.006757826772011866,"standard_error":0.003842940128017254}}