{"Mean":{"confidence_interval":{"confidence_level":0.95,"lower_bound":2250707.257063404,"upper_bound":2299752.251606357},"point_estimate":2272164.6950454847,"standard_error":12624.181940872993},"Median":{"confidence_interval":{"confidence_level":0.95,"lower_bound":2232327.303030303,"upper_bound":2246692.051594203},"point_estimate":2238767.8173786923,"standard_error":3185.2158208975993},"MedianAbsDev":{"confidence_interval":{"confidence_level":0.95,"lower_bound":19558.558735213526,"upper_bound":36860.03193958298},"point_estimate":27477.98486948528,"standard_error":4539.264604953124},"Slope":{"confidence_interval":{"confidence_level":0.95,"lower_bound":2233153.1702224133,"upper_bound":2249715.4621780734},"point_estimate":2240807.0699187233,"standard_error":4238.173457831027},"StdDev":{"confidence_interval":{"confidence_level":0.95,"lower_bound":60656.625631406394,"upper_bound":191377.41999431595},"point_estimate":127210.42467492698,"standard_error":37537.81703984558}}