{"Mean":{"confidence_interval":{"confidence_level":0.95,"lower_bound":2178760.5155602805,"upper_bound":2230716.558411872},"point_estimate":2202198.7798919766,"standard_error":13297.058118695408},"Median":{"confidence_interval":{"confidence_level":0.95,"lower_bound":2157031.037037037,"upper_bound":2168148.632352941},"point_estimate":2164070.0118258176,"standard_error":2958.958667276193},"MedianAbsDev":{"confidence_interval":{"confidence_level":0.95,"lower_bound":21172.525532043095,"upper_bound":38978.14023210647},"point_estimate":29056.66354334849,"standard_error":4681.178128316637},"Slope":{"confidence_interval":{"confidence_level":0.95,"lower_bound":2159877.9554229653,"upper_bound":2175692.944248201},"point_estimate":2167128.662925964,"standard_error":4046.812460870745},"StdDev":{"confidence_interval":{"confidence_level":0.95,"lower_bound":68750.76420135552,"upper_bound":187501.96460973314},"point_estimate":133888.39070792304,"standard_error":30265.115834330092}}