{"Mean":{"confidence_interval":{"confidence_level":0.95,"lower_bound":2287365.595870971,"upper_bound":2358547.3275800706},"point_estimate":2319588.951113763,"standard_error":18239.064028926055},"Median":{"confidence_interval":{"confidence_level":0.95,"lower_bound":2257714.97260274,"upper_bound":2295636.5178571427},"point_estimate":2277471.9780701753,"standard_error":8986.056768785596},"MedianAbsDev":{"confidence_interval":{"confidence_level":0.95,"lower_bound":47461.61512213153,"upper_bound":74854.39644189649},"point_estimate":60273.996250721175,"standard_error":7099.369135648614},"Slope":{"confidence_interval":{"confidence_level":0.95,"lower_bound":2265246.6184624154,"upper_bound":2294531.019459423},"point_estimate":2278556.482795921,"standard_error":7520.088106301515},"StdDev":{"confidence_interval":{"confidence_level":0.95,"lower_bound":94266.65779737111,"upper_bound":253059.2573759365},"point_estimate":183962.32096896062,"standard_error":40380.65324025702}}