{"Mean":{"confidence_interval":{"confidence_level":0.95,"lower_bound":2322503.6969736856,"upper_bound":2508290.212176852},"point_estimate":2404867.7312543807,"standard_error":47775.425841129916},"Median":{"confidence_interval":{"confidence_level":0.95,"lower_bound":2243961.1585365855,"upper_bound":2287231.8390151514},"point_estimate":2266932.5136452243,"standard_error":11414.918806581405},"MedianAbsDev":{"confidence_interval":{"confidence_level":0.95,"lower_bound":47239.7193540078,"upper_bound":107237.89966523499},"point_estimate":78502.20168487476,"standard_error":16103.040656959176},"Slope":{"confidence_interval":{"confidence_level":0.95,"lower_bound":2247726.9520516125,"upper_bound":2269741.8494859254},"point_estimate":2258140.813166839,"standard_error":5615.089499908661},"StdDev":{"confidence_interval":{"confidence_level":0.95,"lower_bound":165014.26963332857,"upper_bound":685970.1453070691},"point_estimate":479619.3858292426,"standard_error":123836.98755308651}}