{"Mean":{"confidence_interval":{"confidence_level":0.95,"lower_bound":2346964.2344077276,"upper_bound":2398544.6635396946},"point_estimate":2370934.3666688306,"standard_error":13249.377006292552},"Median":{"confidence_interval":{"confidence_level":0.95,"lower_bound":2324492.2181818183,"upper_bound":2363101.6170465336},"point_estimate":2349251.6127209766,"standard_error":11075.11279147233},"MedianAbsDev":{"confidence_interval":{"confidence_level":0.95,"lower_bound":59375.65794587124,"upper_bound":102209.92818107306},"point_estimate":76534.89115456743,"standard_error":10651.461159461627},"Slope":{"confidence_interval":{"confidence_level":0.95,"lower_bound":2343583.0986549715,"upper_bound":2391820.6983947037},"point_estimate":2366307.038445397,"standard_error":12338.153590916925},"StdDev":{"confidence_interval":{"confidence_level":0.95,"lower_bound":87323.75054127155,"upper_bound":181203.3328929818},"point_estimate":133196.96979062288,"standard_error":25089.053941955626}}