{"Mean":{"confidence_interval":{"confidence_level":0.95,"lower_bound":58074.454854456184,"upper_bound":60400.60884438494},"point_estimate":59170.58476728591,"standard_error":594.0831707050526},"Median":{"confidence_interval":{"confidence_level":0.95,"lower_bound":57197.564269256094,"upper_bound":59046.014719202896},"point_estimate":58244.1703125,"standard_error":585.9684683637875},"MedianAbsDev":{"confidence_interval":{"confidence_level":0.95,"lower_bound":2835.962580817463,"upper_bound":4705.3293991319415},"point_estimate":3910.5626569514766,"standard_error":478.5839930010736},"Slope":{"confidence_interval":{"confidence_level":0.95,"lower_bound":57466.620842870565,"upper_bound":59001.69575809341},"point_estimate":58226.089085082014,"standard_error":390.3611592648614},"StdDev":{"confidence_interval":{"confidence_level":0.95,"lower_bound":4034.5716694901425,"upper_bound":7672.083287973573},"point_estimate":5997.348271670579,"standard_error":932.8468509163828}}