{"Mean":{"confidence_interval":{"confidence_level":0.95,"lower_bound":2918120.072748547,"upper_bound":2959814.5935268407},"point_estimate":2938276.9088579635,"standard_error":10631.885520089765},"Median":{"confidence_interval":{"confidence_level":0.95,"lower_bound":2909295.3926470587,"upper_bound":2956882.5616438356},"point_estimate":2937490.0859449194,"standard_error":14270.24944454867},"MedianAbsDev":{"confidence_interval":{"confidence_level":0.95,"lower_bound":83593.81080752077,"upper_bound":121317.29049618769},"point_estimate":106808.0977449268,"standard_error":9464.388501638266},"Slope":{"confidence_interval":{"confidence_level":0.95,"lower_bound":2907283.1412765062,"upper_bound":2940071.949392328},"point_estimate":2923626.264983006,"standard_error":8350.160985659993},"StdDev":{"confidence_interval":{"confidence_level":0.95,"lower_bound":79653.80044434684,"upper_bound":134646.2348150634},"point_estimate":106741.76139294058,"standard_error":14407.525251701754}}