{"Mean":{"confidence_interval":{"confidence_level":0.95,"lower_bound":2919701.4020634703,"upper_bound":2988730.1289990167},"point_estimate":2949906.8664140766,"standard_error":17731.322356199173},"Median":{"confidence_interval":{"confidence_level":0.95,"lower_bound":2904922.261904762,"upper_bound":2936425.4822451314},"point_estimate":2917326.0697865356,"standard_error":7894.190404909315},"MedianAbsDev":{"confidence_interval":{"confidence_level":0.95,"lower_bound":51854.09074660803,"upper_bound":84096.55771910837},"point_estimate":66631.1385891037,"standard_error":8024.836683074507},"Slope":{"confidence_interval":{"confidence_level":0.95,"lower_bound":2926875.5451334203,"upper_bound":2979084.426725626},"point_estimate":2949868.314139205,"standard_error":13402.867263437967},"StdDev":{"confidence_interval":{"confidence_level":0.95,"lower_bound":76260.11767185801,"upper_bound":267793.1370805137},"point_estimate":177629.753998887,"standard_error":50379.01264909658}}