{"Mean":{"confidence_interval":{"confidence_level":0.95,"lower_bound":2925266.049054505,"upper_bound":2973763.9263406266},"point_estimate":2948534.3721000045,"standard_error":12352.211276611491},"Median":{"confidence_interval":{"confidence_level":0.95,"lower_bound":2909635.780681818,"upper_bound":2959491.6354166665},"point_estimate":2929476.313888889,"standard_error":11168.764431438192},"MedianAbsDev":{"confidence_interval":{"confidence_level":0.95,"lower_bound":70365.2580353449,"upper_bound":108822.44342554761},"point_estimate":86330.31901117766,"standard_error":9647.55469680836},"Slope":{"confidence_interval":{"confidence_level":0.95,"lower_bound":2928444.284861867,"upper_bound":2959545.9375399086},"point_estimate":2944419.2694369736,"standard_error":7925.152451937856},"StdDev":{"confidence_interval":{"confidence_level":0.95,"lower_bound":87763.53459193035,"upper_bound":157256.98080356626},"point_estimate":124247.15725432937,"standard_error":17865.48608757695}}