{"Mean":{"confidence_interval":{"confidence_level":0.95,"lower_bound":3235062.400611427,"upper_bound":3287759.541585304},"point_estimate":3259305.8147371477,"standard_error":13553.179781739706},"Median":{"confidence_interval":{"confidence_level":0.95,"lower_bound":3213120.8977272725,"upper_bound":3229101.888888889},"point_estimate":3223211.9738675957,"standard_error":4324.64892949041},"MedianAbsDev":{"confidence_interval":{"confidence_level":0.95,"lower_bound":25314.55786888083,"upper_bound":42756.70354643127},"point_estimate":34459.370569321305,"standard_error":4314.516592985673},"Slope":{"confidence_interval":{"confidence_level":0.95,"lower_bound":3217581.4670795207,"upper_bound":3253719.998616729},"point_estimate":3233784.911440816,"standard_error":9260.30989471183},"StdDev":{"confidence_interval":{"confidence_level":0.95,"lower_bound":77717.10391415792,"upper_bound":182745.8059971442},"point_estimate":136388.6670477837,"standard_error":26726.267429915933}}