{"Mean":{"confidence_interval":{"confidence_level":0.95,"lower_bound":115353.64384493198,"upper_bound":130389.91137110378},"point_estimate":122724.68152635248,"standard_error":3838.6959673332144},"Median":{"confidence_interval":{"confidence_level":0.95,"lower_bound":104517.50555555556,"upper_bound":124788.62189440994},"point_estimate":115671.27306967985,"standard_error":5246.884296979006},"MedianAbsDev":{"confidence_interval":{"confidence_level":0.95,"lower_bound":30224.059146407406,"upper_bound":52858.79766761271},"point_estimate":44671.711683172216,"standard_error":5526.831924282722},"Slope":{"confidence_interval":{"confidence_level":0.95,"lower_bound":103923.83829859174,"upper_bound":123636.33991892982},"point_estimate":112978.38832643713,"standard_error":4995.648896742919},"StdDev":{"confidence_interval":{"confidence_level":0.95,"lower_bound":33693.02475222476,"upper_bound":42780.14421480612},"point_estimate":38682.07434446752,"standard_error":2320.2785482868226}}