{"Mean":{"confidence_interval":{"confidence_level":0.95,"lower_bound":71979.31445471098,"upper_bound":75144.79644208033},"point_estimate":73402.00634930597,"standard_error":813.0316506012501},"Median":{"confidence_interval":{"confidence_level":0.95,"lower_bound":70710.96518546011,"upper_bound":71563.49787744555},"point_estimate":71132.71309109009,"standard_error":175.68314093795715},"MedianAbsDev":{"confidence_interval":{"confidence_level":0.95,"lower_bound":1236.2873781705596,"upper_bound":2546.5296171810473},"point_estimate":1826.4373770913799,"standard_error":342.0318566318723},"Slope":{"confidence_interval":{"confidence_level":0.95,"lower_bound":71056.5289520671,"upper_bound":71818.20018070447},"point_estimate":71418.72331165953,"standard_error":194.64243920025248},"StdDev":{"confidence_interval":{"confidence_level":0.95,"lower_bound":3874.1647509015675,"upper_bound":11595.965920043593},"point_estimate":8176.15900938007,"standard_error":1949.759106977106}}