{"Mean":{"confidence_interval":{"confidence_level":0.95,"lower_bound":60774.29962424888,"upper_bound":63559.31718952371},"point_estimate":62057.979435896435,"standard_error":714.4381019041842},"Median":{"confidence_interval":{"confidence_level":0.95,"lower_bound":59326.19669117647,"upper_bound":60001.55608974359},"point_estimate":59635.59892156863,"standard_error":182.81286974706725},"MedianAbsDev":{"confidence_interval":{"confidence_level":0.95,"lower_bound":1079.0393026790646,"upper_bound":2363.5187256862137},"point_estimate":1521.6249120445802,"standard_error":320.526853648164},"Slope":{"confidence_interval":{"confidence_level":0.95,"lower_bound":59946.19849430912,"upper_bound":62169.75323732162},"point_estimate":60965.2010749398,"standard_error":569.7589441738875},"StdDev":{"confidence_interval":{"confidence_level":0.95,"lower_bound":4344.296803240898,"upper_bound":9328.706525039548},"point_estimate":7100.517454758059,"standard_error":1276.858351293171}}