{"Mean":{"confidence_interval":{"confidence_level":0.95,"lower_bound":56576.361095031265,"upper_bound":58479.72893345494},"point_estimate":57490.572483053766,"standard_error":484.843642664103},"Median":{"confidence_interval":{"confidence_level":0.95,"lower_bound":55429.32777777778,"upper_bound":57354.675342789604},"point_estimate":56782.295501594,"standard_error":544.3566224859859},"MedianAbsDev":{"confidence_interval":{"confidence_level":0.95,"lower_bound":3027.6407091142682,"upper_bound":5174.6218120906615},"point_estimate":4314.621456177939,"standard_error":581.9635115047864},"Slope":{"confidence_interval":{"confidence_level":0.95,"lower_bound":56531.40621080433,"upper_bound":57462.36786471999},"point_estimate":56999.88646043709,"standard_error":236.79118247435105},"StdDev":{"confidence_interval":{"confidence_level":0.95,"lower_bound":3736.985061351352,"upper_bound":5845.548668622604},"point_estimate":4873.115119395118,"standard_error":538.3521370309944}}