{"Mean":{"confidence_interval":{"confidence_level":0.95,"lower_bound":3208802.2040338055,"upper_bound":3346709.070518014},"point_estimate":3275127.253933095,"standard_error":35198.6304741958},"Median":{"confidence_interval":{"confidence_level":0.95,"lower_bound":3151719.6794871795,"upper_bound":3309691.56},"point_estimate":3226428.1567460317,"standard_error":42335.725673469686},"MedianAbsDev":{"confidence_interval":{"confidence_level":0.95,"lower_bound":207190.16421802508,"upper_bound":328975.19265396707},"point_estimate":264016.9196315463,"standard_error":30155.903667125735},"Slope":{"confidence_interval":{"confidence_level":0.95,"lower_bound":3146787.8580416036,"upper_bound":3332876.6337008155},"point_estimate":3236899.179305453,"standard_error":47767.30121196297},"StdDev":{"confidence_interval":{"confidence_level":0.95,"lower_bound":259776.32002533425,"upper_bound":436394.9046163709},"point_estimate":353876.6857416602,"standard_error":45277.35647184805}}