{"Mean":{"confidence_interval":{"confidence_level":0.95,"lower_bound":47231.79060070699,"upper_bound":49161.85817796606},"point_estimate":48125.50605895571,"standard_error":494.158236690782},"Median":{"confidence_interval":{"confidence_level":0.95,"lower_bound":45846.22736842105,"upper_bound":46733.34718844984},"point_estimate":46362.88468235744,"standard_error":239.6772592860913},"MedianAbsDev":{"confidence_interval":{"confidence_level":0.95,"lower_bound":1407.2050506092232,"upper_bound":2827.2510209729253},"point_estimate":2091.691009872652,"standard_error":384.94390126024945},"Slope":{"confidence_interval":{"confidence_level":0.95,"lower_bound":46823.503026176004,"upper_bound":47867.23180208636},"point_estimate":47317.349786759274,"standard_error":266.29687137675603},"StdDev":{"confidence_interval":{"confidence_level":0.95,"lower_bound":3347.531883301418,"upper_bound":6534.126161284917},"point_estimate":4958.305348367799,"standard_error":829.9884364622683}}