{"Mean":{"confidence_interval":{"confidence_level":0.95,"lower_bound":44055.34327035167,"upper_bound":45137.18722736742},"point_estimate":44505.9714912557,"standard_error":280.43639476816537},"Median":{"confidence_interval":{"confidence_level":0.95,"lower_bound":43888.78835978836,"upper_bound":43983.281544876016},"point_estimate":43939.97083934584,"standard_error":24.698941640304422},"MedianAbsDev":{"confidence_interval":{"confidence_level":0.95,"lower_bound":185.81948322701746,"upper_bound":334.3004103090508},"point_estimate":261.99175168967383,"standard_error":37.59487255748134},"Slope":{"confidence_interval":{"confidence_level":0.95,"lower_bound":43788.5879719846,"upper_bound":43932.353291314976},"point_estimate":43853.258365034795,"standard_error":36.60565724887103},"StdDev":{"confidence_interval":{"confidence_level":0.95,"lower_bound":779.8115802674816,"upper_bound":4460.689460018423},"point_estimate":2806.4740274510473,"standard_error":1005.200316347823}}