{"Mean":{"confidence_interval":{"confidence_level":0.95,"lower_bound":-0.026280138708186785,"upper_bound":0.00896326670934055},"point_estimate":-0.008601936347170658,"standard_error":0.008935055242073643},"Median":{"confidence_interval":{"confidence_level":0.95,"lower_bound":-0.02293271836069799,"upper_bound":0.0020748227280538156},"point_estimate":-0.009496560072438265,"standard_error":0.006362439927045774}}