{"Mean":{"confidence_interval":{"confidence_level":0.95,"lower_bound":-0.051103218955241225,"upper_bound":0.0022873240324042085},"point_estimate":-0.022694607722177573,"standard_error":0.013599196531825123},"Median":{"confidence_interval":{"confidence_level":0.95,"lower_bound":-0.031896690831722085,"upper_bound":0.018062910618066752},"point_estimate":0.003122376984917574,"standard_error":0.01535111719490739}}