{"Mean":{"confidence_interval":{"confidence_level":0.95,"lower_bound":-0.015025339832679379,"upper_bound":0.01989984093817167},"point_estimate":0.002193282149849596,"standard_error":0.008879790198752643},"Median":{"confidence_interval":{"confidence_level":0.95,"lower_bound":-0.009617560029815042,"upper_bound":0.010118608148163977},"point_estimate":-0.00048292152182050074,"standard_error":0.0052730011084548}}