{"Mean":{"confidence_interval":{"confidence_level":0.95,"lower_bound":0.0010169847191025241,"upper_bound":0.04675945059365705},"point_estimate":0.024996102640719275,"standard_error":0.011659046860521825},"Median":{"confidence_interval":{"confidence_level":0.95,"lower_bound":0.0007414777226903979,"upper_bound":0.07059668296073096},"point_estimate":0.020924199965758783,"standard_error":0.02004201174761022}}