{"Mean":{"confidence_interval":{"confidence_level":0.95,"lower_bound":-0.9725546706163458,"upper_bound":-0.9700234985949445},"point_estimate":-0.9713413782100275,"standard_error":0.0006456103049714072},"Median":{"confidence_interval":{"confidence_level":0.95,"lower_bound":-0.972980827441031,"upper_bound":-0.9701420697800016},"point_estimate":-0.9716340935553452,"standard_error":0.0007792788516613711}}