{"Mean":{"confidence_interval":{"confidence_level":0.95,"lower_bound":-0.016505635109848496,"upper_bound":0.016745078708749167},"point_estimate":0.0003905730048643363,"standard_error":0.00839155816009848},"Median":{"confidence_interval":{"confidence_level":0.95,"lower_bound":-0.0005332973080510728,"upper_bound":0.01482065062067428},"point_estimate":0.007327349151162954,"standard_error":0.003851869836624101}}