{"Mean":{"confidence_interval":{"confidence_level":0.95,"lower_bound":130650.74292064,"upper_bound":137094.8059602779},"point_estimate":133553.89016290245,"standard_error":1651.5777333843398},"Median":{"confidence_interval":{"confidence_level":0.95,"lower_bound":128244.27127659574,"upper_bound":128743.875},"point_estimate":128412.8164717259,"standard_error":120.33986835005209},"MedianAbsDev":{"confidence_interval":{"confidence_level":0.95,"lower_bound":712.4791318500713,"upper_bound":1498.5878185870588},"point_estimate":1036.9513677275115,"standard_error":197.5829396767058},"Slope":{"confidence_interval":{"confidence_level":0.95,"lower_bound":130031.9704929354,"upper_bound":138314.7817386425},"point_estimate":133791.81136803605,"standard_error":2150.3893848165026},"StdDev":{"confidence_interval":{"confidence_level":0.95,"lower_bound":8398.349234360492,"upper_bound":23393.542739185094},"point_estimate":16602.05736784996,"standard_error":3846.0679162939737}}