{"Mean":{"confidence_interval":{"confidence_level":0.95,"lower_bound":145422.65500223666,"upper_bound":149133.7515545814},"point_estimate":147156.12379650795,"standard_error":949.5098436367891},"Median":{"confidence_interval":{"confidence_level":0.95,"lower_bound":143259.74175824175,"upper_bound":145051.9394557823},"point_estimate":144336.39418147644,"standard_error":407.8883675458217},"MedianAbsDev":{"confidence_interval":{"confidence_level":0.95,"lower_bound":2643.8138027139084,"upper_bound":4607.363492933675},"point_estimate":3557.924249926582,"standard_error":513.6997696848764},"Slope":{"confidence_interval":{"confidence_level":0.95,"lower_bound":145482.3099816657,"upper_bound":147930.71748177367},"point_estimate":146659.3717101902,"standard_error":623.5995549135604},"StdDev":{"confidence_interval":{"confidence_level":0.95,"lower_bound":6298.591779213537,"upper_bound":12270.540055894893},"point_estimate":9560.445498941343,"standard_error":1523.9723173852017}}