{"Mean":{"confidence_interval":{"confidence_level":0.95,"lower_bound":3032977.9868997918,"upper_bound":3193958.575673686},"point_estimate":3109334.795708521,"standard_error":41293.05241018897},"Median":{"confidence_interval":{"confidence_level":0.95,"lower_bound":2964367.3583333334,"upper_bound":2988422.942528736},"point_estimate":2975806.651342211,"standard_error":5830.605435731562},"MedianAbsDev":{"confidence_interval":{"confidence_level":0.95,"lower_bound":46637.42592916098,"upper_bound":166124.16649087038},"point_estimate":91942.74869083811,"standard_error":32556.671157232056},"Slope":{"confidence_interval":{"confidence_level":0.95,"lower_bound":3150733.7005634424,"upper_bound":3438108.2111263634},"point_estimate":3290864.625591843,"standard_error":73460.41515843531},"StdDev":{"confidence_interval":{"confidence_level":0.95,"lower_bound":297074.16873405455,"upper_bound":515937.35041243536},"point_estimate":416430.5910542179,"standard_error":55932.46790563461}}