{"Mean":{"confidence_interval":{"confidence_level":0.95,"lower_bound":5878706.959395547,"upper_bound":5932195.873365444},"point_estimate":5904050.517047875,"standard_error":13636.381216123305},"Median":{"confidence_interval":{"confidence_level":0.95,"lower_bound":5889936.86130137,"upper_bound":5925681.796610169},"point_estimate":5909748.173897581,"standard_error":9310.091731611865},"MedianAbsDev":{"confidence_interval":{"confidence_level":0.95,"lower_bound":56468.43534305427,"upper_bound":107187.30098010364},"point_estimate":71832.98543538836,"standard_error":13310.781304001986},"Slope":{"confidence_interval":{"confidence_level":0.95,"lower_bound":5863375.547232754,"upper_bound":5901722.890419023},"point_estimate":5882993.030019211,"standard_error":9785.88941305778},"StdDev":{"confidence_interval":{"confidence_level":0.95,"lower_bound":91057.26315627301,"upper_bound":185997.4837803785},"point_estimate":136864.2596706876,"standard_error":25452.19546456983}}