{"Mean":{"confidence_interval":{"confidence_level":0.95,"lower_bound":8124691.84868,"upper_bound":8215719.928338622},"point_estimate":8165027.183053557,"standard_error":23376.848429948637},"Median":{"confidence_interval":{"confidence_level":0.95,"lower_bound":8086868.68,"upper_bound":8119723.750759879},"point_estimate":8100376.938024692,"standard_error":8461.47466551365},"MedianAbsDev":{"confidence_interval":{"confidence_level":0.95,"lower_bound":36762.658835916285,"upper_bound":71432.16375905611},"point_estimate":47130.63010095724,"standard_error":8913.253766328555},"Slope":{"confidence_interval":{"confidence_level":0.95,"lower_bound":8105396.370976691,"upper_bound":8157807.068420763},"point_estimate":8126686.603230382,"standard_error":13641.714376065149},"StdDev":{"confidence_interval":{"confidence_level":0.95,"lower_bound":97137.33427698165,"upper_bound":341094.9568727389},"point_estimate":235065.16348776952,"standard_error":62240.07899062557}}