{"Mean":{"confidence_interval":{"confidence_level":0.95,"lower_bound":3364441.652595559,"upper_bound":3408456.6424666676},"point_estimate":3384845.826111844,"standard_error":11281.96687471041},"Median":{"confidence_interval":{"confidence_level":0.95,"lower_bound":3338519.9594594594,"upper_bound":3371707.924297924},"point_estimate":3351314.612987013,"standard_error":9037.511978587894},"MedianAbsDev":{"confidence_interval":{"confidence_level":0.95,"lower_bound":38052.13131128172,"upper_bound":67838.45071206034},"point_estimate":50498.52096619933,"standard_error":7791.618040227742},"Slope":{"confidence_interval":{"confidence_level":0.95,"lower_bound":3350020.4580731457,"upper_bound":3372765.3983060364},"point_estimate":3360690.792552091,"standard_error":5794.139024809351},"StdDev":{"confidence_interval":{"confidence_level":0.95,"lower_bound":71772.37406545827,"upper_bound":149449.34526945403},"point_estimate":113304.90017138033,"standard_error":19920.315168189994}}