{"Mean":{"confidence_interval":{"confidence_level":0.95,"lower_bound":3459436.730954163,"upper_bound":3520489.905450778},"point_estimate":3486388.394149763,"standard_error":15683.408432687178},"Median":{"confidence_interval":{"confidence_level":0.95,"lower_bound":3452422.4264705884,"upper_bound":3478157.3571428573},"point_estimate":3471264.9119288456,"standard_error":7420.497442749211},"MedianAbsDev":{"confidence_interval":{"confidence_level":0.95,"lower_bound":45582.75188513152,"upper_bound":83386.65742073505},"point_estimate":63315.34057936714,"standard_error":9851.235994646027},"Slope":{"confidence_interval":{"confidence_level":0.95,"lower_bound":3462286.621932991,"upper_bound":3482099.960183648},"point_estimate":3472065.831963943,"standard_error":5061.668387308454},"StdDev":{"confidence_interval":{"confidence_level":0.95,"lower_bound":78528.39165385478,"upper_bound":234198.28803330768},"point_estimate":157194.90694583548,"standard_error":43676.969632618675}}