{"Mean":{"confidence_interval":{"confidence_level":0.95,"lower_bound":5509801.84877133,"upper_bound":5557660.067701795},"point_estimate":5532967.458841108,"standard_error":12205.585220237805},"Median":{"confidence_interval":{"confidence_level":0.95,"lower_bound":5491580.923076923,"upper_bound":5551890.676470588},"point_estimate":5534645.662121212,"standard_error":16030.841687605633},"MedianAbsDev":{"confidence_interval":{"confidence_level":0.95,"lower_bound":97166.22946150273,"upper_bound":152470.27813801868},"point_estimate":136103.11687257537,"standard_error":14555.926332843936},"Slope":{"confidence_interval":{"confidence_level":0.95,"lower_bound":5469491.840225212,"upper_bound":5512916.494589147},"point_estimate":5489371.777053347,"standard_error":11124.051216318096},"StdDev":{"confidence_interval":{"confidence_level":0.95,"lower_bound":95302.71448583306,"upper_bound":151626.5521008916},"point_estimate":122641.99187108387,"standard_error":14684.244164272977}}