{"Mean":{"confidence_interval":{"confidence_level":0.95,"lower_bound":5904850.909863949,"upper_bound":5967893.500947566},"point_estimate":5933115.563052366,"standard_error":16156.05132438954},"Median":{"confidence_interval":{"confidence_level":0.95,"lower_bound":5884083.71,"upper_bound":5941198.3560606055},"point_estimate":5922507.6875,"standard_error":14330.89963370821},"MedianAbsDev":{"confidence_interval":{"confidence_level":0.95,"lower_bound":72298.99765301099,"upper_bound":112544.61638501122},"point_estimate":89924.76117397049,"standard_error":10355.750119570786},"Slope":{"confidence_interval":{"confidence_level":0.95,"lower_bound":5895122.353677819,"upper_bound":5926939.688638116},"point_estimate":5911241.069708881,"standard_error":8133.2880763662815},"StdDev":{"confidence_interval":{"confidence_level":0.95,"lower_bound":80990.46829227373,"upper_bound":232889.87584728844},"point_estimate":161919.23133026087,"standard_error":39709.942439491744}}