{"Mean":{"confidence_interval":{"confidence_level":0.95,"lower_bound":8993831.848101139,"upper_bound":9074066.738837276},"point_estimate":9029188.604933457,"standard_error":20622.6160628203},"Median":{"confidence_interval":{"confidence_level":0.95,"lower_bound":8966188.277217742,"upper_bound":8996018.413043479},"point_estimate":8982135.768132221,"standard_error":7125.968631754995},"MedianAbsDev":{"confidence_interval":{"confidence_level":0.95,"lower_bound":39676.69288658621,"upper_bound":79088.33072611374},"point_estimate":60458.540222463955,"standard_error":10142.535580329848},"Slope":{"confidence_interval":{"confidence_level":0.95,"lower_bound":8987264.563785998,"upper_bound":9025442.25589619},"point_estimate":9004966.703543669,"standard_error":9756.94520484988},"StdDev":{"confidence_interval":{"confidence_level":0.95,"lower_bound":95604.96486798287,"upper_bound":307076.59208350466},"point_estimate":206266.54656319073,"standard_error":56292.26406096118}}