{"Mean":{"confidence_interval":{"confidence_level":0.95,"lower_bound":0.0037115182170495164,"upper_bound":0.044815017125332514},"point_estimate":0.02415561264661914,"standard_error":0.010456348237540769},"Median":{"confidence_interval":{"confidence_level":0.95,"lower_bound":0.0036072301798579787,"upper_bound":0.041693826653908854},"point_estimate":0.030137493466407816,"standard_error":0.010739585977875669}}