{"Mean":{"confidence_interval":{"confidence_level":0.95,"lower_bound":-0.00559448335337724,"upper_bound":0.06570249671503829},"point_estimate":0.028799183023895614,"standard_error":0.018151696260724208},"Median":{"confidence_interval":{"confidence_level":0.95,"lower_bound":0.0027725435086999985,"upper_bound":0.06214998717453635},"point_estimate":0.021508940503390805,"standard_error":0.017118982700353783}}