{"Mean":{"confidence_interval":{"confidence_level":0.95,"lower_bound":-0.1382865990775755,"upper_bound":-0.06760415565927634},"point_estimate":-0.10382852977794155,"standard_error":0.018042429920334016},"Median":{"confidence_interval":{"confidence_level":0.95,"lower_bound":-0.06361111937790409,"upper_bound":-0.0030309067807114953},"point_estimate":-0.050340147372676,"standard_error":0.01582492541632721}}