{"Mean":{"confidence_interval":{"confidence_level":0.95,"lower_bound":0.14098812399421215,"upper_bound":0.2362373240035697},"point_estimate":0.18581004801682144,"standard_error":0.024415972782256913},"Median":{"confidence_interval":{"confidence_level":0.95,"lower_bound":0.06571370471227644,"upper_bound":0.13262889818884505},"point_estimate":0.11561119981157408,"standard_error":0.01901872591696038}}