{"Mean":{"confidence_interval":{"confidence_level":0.95,"lower_bound":0.0755028126768001,"upper_bound":0.13238874477796464},"point_estimate":0.10313450585145256,"standard_error":0.014534151238715718},"Median":{"confidence_interval":{"confidence_level":0.95,"lower_bound":0.06749981924676351,"upper_bound":0.08796296338796217},"point_estimate":0.07681967384302224,"standard_error":0.005435328675108914}}