{"Mean":{"confidence_interval":{"confidence_level":0.95,"lower_bound":0.05696779191902301,"upper_bound":0.08973574564120389},"point_estimate":0.07476776259196716,"standard_error":0.00840369286826302},"Median":{"confidence_interval":{"confidence_level":0.95,"lower_bound":0.08170476837840969,"upper_bound":0.09665479961724288},"point_estimate":0.08926574368795359,"standard_error":0.003840042422889233}}