{"Mean":{"confidence_interval":{"confidence_level":0.95,"lower_bound":-0.031140931164022407,"upper_bound":0.005803542047685272},"point_estimate":-0.013002093928703995,"standard_error":0.009366727816303473},"Median":{"confidence_interval":{"confidence_level":0.95,"lower_bound":-0.01854093859729733,"upper_bound":0.007670069398076684},"point_estimate":-0.005508788722326519,"standard_error":0.006723531385582392}}