{"Mean":{"confidence_interval":{"confidence_level":0.95,"lower_bound":-0.12585658757801824,"upper_bound":-0.05028674364557991},"point_estimate":-0.08784218365423047,"standard_error":0.01929346110532616},"Median":{"confidence_interval":{"confidence_level":0.95,"lower_bound":-0.05048415837549092,"upper_bound":-0.024613175114021058},"point_estimate":-0.03872277562015114,"standard_error":0.006485522245085001}}