{"Mean":{"confidence_interval":{"confidence_level":0.95,"lower_bound":0.45049985464744147,"upper_bound":0.5611830208919936},"point_estimate":0.5060550575602225,"standard_error":0.02802183206146057},"Median":{"confidence_interval":{"confidence_level":0.95,"lower_bound":0.3979721428137244,"upper_bound":0.4427855792848501},"point_estimate":0.4142315520488098,"standard_error":0.01151395716679999}}