{"Mean":{"confidence_interval":{"confidence_level":0.95,"lower_bound":-0.04765433940180656,"upper_bound":-0.011095005284342797},"point_estimate":-0.029819314074726933,"standard_error":0.009286326702269643},"Median":{"confidence_interval":{"confidence_level":0.95,"lower_bound":-0.04014610495472506,"upper_bound":-0.023807477716022096},"point_estimate":-0.028664823739169454,"standard_error":0.004264416006557425}}