{"Mean":{"confidence_interval":{"confidence_level":0.95,"lower_bound":2837546.721776972,"upper_bound":2882976.023956446},"point_estimate":2858770.1701608147,"standard_error":11607.979475627135},"Median":{"confidence_interval":{"confidence_level":0.95,"lower_bound":2802638.0345108695,"upper_bound":2859569.625},"point_estimate":2820853.599896212,"standard_error":13685.69588599494},"MedianAbsDev":{"confidence_interval":{"confidence_level":0.95,"lower_bound":51314.92313545276,"upper_bound":103032.44128950505},"point_estimate":75028.95258630314,"standard_error":12616.915825470738},"Slope":{"confidence_interval":{"confidence_level":0.95,"lower_bound":2851692.738819569,"upper_bound":2899008.441360758},"point_estimate":2875223.932478203,"standard_error":12025.493111326547},"StdDev":{"confidence_interval":{"confidence_level":0.95,"lower_bound":77678.29227094499,"upper_bound":157471.12976609278},"point_estimate":116583.60225677873,"standard_error":21295.257888455722}}