{"Mean":{"confidence_interval":{"confidence_level":0.95,"lower_bound":5548033.095114548,"upper_bound":5637178.56565361},"point_estimate":5588254.849869243,"standard_error":22787.734342828793},"Median":{"confidence_interval":{"confidence_level":0.95,"lower_bound":5497957.9143678155,"upper_bound":5539234.107692308},"point_estimate":5516457.527272727,"standard_error":11082.215460500478},"MedianAbsDev":{"confidence_interval":{"confidence_level":0.95,"lower_bound":41396.826915361984,"upper_bound":95884.99514185145},"point_estimate":56734.22514178382,"standard_error":15499.90236257614},"Slope":{"confidence_interval":{"confidence_level":0.95,"lower_bound":5536014.757111802,"upper_bound":5587584.71834402},"point_estimate":5559780.452599379,"standard_error":13122.965543214172},"StdDev":{"confidence_interval":{"confidence_level":0.95,"lower_bound":119942.63939518698,"upper_bound":318960.8815911738},"point_estimate":228908.42323875104,"standard_error":50661.433707620694}}