{"Mean":{"confidence_interval":{"confidence_level":0.95,"lower_bound":5497627.826010643,"upper_bound":5570124.272068998},"point_estimate":5529248.963267541,"standard_error":18554.272340552587},"Median":{"confidence_interval":{"confidence_level":0.95,"lower_bound":5457357.353535353,"upper_bound":5511288.666666667},"point_estimate":5476975.200396825,"standard_error":11737.115409377107},"MedianAbsDev":{"confidence_interval":{"confidence_level":0.95,"lower_bound":41983.72987741125,"upper_bound":105203.46523459189},"point_estimate":74366.98203001419,"standard_error":16832.794541305608},"Slope":{"confidence_interval":{"confidence_level":0.95,"lower_bound":5486853.5405920455,"upper_bound":5524469.544229832},"point_estimate":5505060.232584602,"standard_error":9609.816617457982},"StdDev":{"confidence_interval":{"confidence_level":0.95,"lower_bound":92518.95982685103,"upper_bound":280540.86390198505},"point_estimate":186152.01659259267,"standard_error":55065.82840106946}}