{"Mean":{"confidence_interval":{"confidence_level":0.95,"lower_bound":5278653.691221455,"upper_bound":5334115.007796904},"point_estimate":5302344.991450603,"standard_error":14331.066794082879},"Median":{"confidence_interval":{"confidence_level":0.95,"lower_bound":5262675.133333334,"upper_bound":5279578.675324676},"point_estimate":5270302.258934427,"standard_error":4513.924195187252},"MedianAbsDev":{"confidence_interval":{"confidence_level":0.95,"lower_bound":23006.569454948538,"upper_bound":44333.22511639616},"point_estimate":35078.90394289726,"standard_error":5548.571273295555},"Slope":{"confidence_interval":{"confidence_level":0.95,"lower_bound":5269247.7437832095,"upper_bound":5288892.399250892},"point_estimate":5278382.517768583,"standard_error":5035.449790827013},"StdDev":{"confidence_interval":{"confidence_level":0.95,"lower_bound":46203.64429509708,"upper_bound":218653.50129168943},"point_estimate":143683.22433046947,"standard_error":46168.81731083938}}