{"Mean":{"confidence_interval":{"confidence_level":0.95,"lower_bound":5450217.159397034,"upper_bound":5525466.452361822},"point_estimate":5478897.968631762,"standard_error":20354.001415867784},"Median":{"confidence_interval":{"confidence_level":0.95,"lower_bound":5433585.3233830845,"upper_bound":5451394.422222222},"point_estimate":5441327.070167032,"standard_error":4138.702180916325},"MedianAbsDev":{"confidence_interval":{"confidence_level":0.95,"lower_bound":25845.52288115057,"upper_bound":52857.764418633815},"point_estimate":35058.45273103771,"standard_error":6630.023224657255},"Slope":{"confidence_interval":{"confidence_level":0.95,"lower_bound":5441969.555683687,"upper_bound":5458551.162824162},"point_estimate":5449998.852623023,"standard_error":4243.084816299951},"StdDev":{"confidence_interval":{"confidence_level":0.95,"lower_bound":48389.096802153996,"upper_bound":339867.9457564766},"point_estimate":204169.59662672982,"standard_error":97059.83598438163}}