{"Mean":{"confidence_interval":{"confidence_level":0.95,"lower_bound":0.3186607069572239,"upper_bound":0.3848681432612123},"point_estimate":0.3480124611867488,"standard_error":0.016426341981835017},"Median":{"confidence_interval":{"confidence_level":0.95,"lower_bound":0.3197813611520377,"upper_bound":0.3733128976896629},"point_estimate":0.3490267273888934,"standard_error":0.011841637139884703}}