{"Mean":{"confidence_interval":{"confidence_level":0.95,"lower_bound":-0.088177850525397,"upper_bound":-0.042277185272629116},"point_estimate":-0.0642957483844604,"standard_error":0.011720150138615984},"Median":{"confidence_interval":{"confidence_level":0.95,"lower_bound":-0.05682660080661217,"upper_bound":-0.045641947132209974},"point_estimate":-0.05110363910684046,"standard_error":0.0024207664498506944}}