{"Mean":{"confidence_interval":{"confidence_level":0.95,"lower_bound":-0.4388451027090553,"upper_bound":-0.36150825661796265},"point_estimate":-0.4018969498523859,"standard_error":0.0197795785752551},"Median":{"confidence_interval":{"confidence_level":0.95,"lower_bound":-0.4297567325837601,"upper_bound":-0.31929675942271796},"point_estimate":-0.38504426204214015,"standard_error":0.028574478946816275}}