{"Mean":{"confidence_interval":{"confidence_level":0.95,"lower_bound":0.48806781779036235,"upper_bound":0.677239161667056},"point_estimate":0.5772797662091351,"standard_error":0.04912443818117785},"Median":{"confidence_interval":{"confidence_level":0.95,"lower_bound":0.3882066713438501,"upper_bound":0.647111062254542},"point_estimate":0.5201947172174335,"standard_error":0.06843638358981238}}