{"Mean":{"confidence_interval":{"confidence_level":0.95,"lower_bound":-0.024850326583614326,"upper_bound":0.023934657775917502},"point_estimate":-0.0035140263559719775,"standard_error":0.012249107883049361},"Median":{"confidence_interval":{"confidence_level":0.95,"lower_bound":-0.023438441983033576,"upper_bound":-0.014601369188244395},"point_estimate":-0.019697537376802465,"standard_error":0.0024908521764675866}}