{"Mean":{"confidence_interval":{"confidence_level":0.95,"lower_bound":-0.08793707173516829,"upper_bound":-0.009272112172426248},"point_estimate":-0.046662526733901366,"standard_error":0.020210132244228084},"Median":{"confidence_interval":{"confidence_level":0.95,"lower_bound":-0.01929593060039414,"upper_bound":0.0014040849436511849},"point_estimate":-0.010293098421812807,"standard_error":0.005497325794413986}}