{"Mean":{"confidence_interval":{"confidence_level":0.95,"lower_bound":-0.07789899910446554,"upper_bound":0.0022805579118549695},"point_estimate":-0.041697025117493625,"standard_error":0.02046978091885654},"Median":{"confidence_interval":{"confidence_level":0.95,"lower_bound":-0.08546670826463854,"upper_bound":-0.06513431423432114},"point_estimate":-0.07528152591543547,"standard_error":0.00541930452476654}}