{"Mean":{"confidence_interval":{"confidence_level":0.95,"lower_bound":-0.01625022409481684,"upper_bound":0.024346974388091046},"point_estimate":0.003929891051050127,"standard_error":0.010369627416736202},"Median":{"confidence_interval":{"confidence_level":0.95,"lower_bound":-0.010361065001666447,"upper_bound":0.011574429706335154},"point_estimate":8.851819279120932e-6,"standard_error":0.005486197863672752}}