{"Mean":{"confidence_interval":{"confidence_level":0.95,"lower_bound":-0.013514532133251064,"upper_bound":0.02365955782949006},"point_estimate":0.005922364580108752,"standard_error":0.009462427966352029},"Median":{"confidence_interval":{"confidence_level":0.95,"lower_bound":-0.0016196601032592017,"upper_bound":0.018613005213819145},"point_estimate":0.01058359192097691,"standard_error":0.005378480036091364}}