{"Mean":{"confidence_interval":{"confidence_level":0.95,"lower_bound":-0.05634243869644075,"upper_bound":-0.02694016103897747},"point_estimate":-0.04165854315154138,"standard_error":0.007488244563912823},"Median":{"confidence_interval":{"confidence_level":0.95,"lower_bound":-0.05327484151770212,"upper_bound":-0.03612120208198788},"point_estimate":-0.04702935809175357,"standard_error":0.004718641868304243}}