{"Mean":{"confidence_interval":{"confidence_level":0.95,"lower_bound":-0.04572695257911991,"upper_bound":-0.015430281816069405},"point_estimate":-0.030792624894696474,"standard_error":0.007601874183988561},"Median":{"confidence_interval":{"confidence_level":0.95,"lower_bound":-0.037365718303631,"upper_bound":-0.029282371800062712},"point_estimate":-0.03336558841565629,"standard_error":0.0019372201061357587}}