{"Mean":{"confidence_interval":{"confidence_level":0.95,"lower_bound":2350646.3685748433,"upper_bound":2399956.2501631766},"point_estimate":2373805.9050690476,"standard_error":12609.964637850515},"Median":{"confidence_interval":{"confidence_level":0.95,"lower_bound":2322644.8178137653,"upper_bound":2354587.9215686275},"point_estimate":2337381.3928571427,"standard_error":8662.650560557642},"MedianAbsDev":{"confidence_interval":{"confidence_level":0.95,"lower_bound":51047.20229895301,"upper_bound":97992.84640568726},"point_estimate":72512.93499628974,"standard_error":11416.017253476784},"Slope":{"confidence_interval":{"confidence_level":0.95,"lower_bound":2347699.108729198,"upper_bound":2385766.4790399643},"point_estimate":2365512.598876903,"standard_error":9755.86680836244},"StdDev":{"confidence_interval":{"confidence_level":0.95,"lower_bound":86378.11254856027,"upper_bound":162615.78863598616},"point_estimate":126864.39981642432,"standard_error":19528.94440273411}}