{"Mean":{"confidence_interval":{"confidence_level":0.95,"lower_bound":-0.08502590137042554,"upper_bound":-0.06414040124506558},"point_estimate":-0.07472271233664274,"standard_error":0.005305378876225632},"Median":{"confidence_interval":{"confidence_level":0.95,"lower_bound":-0.07714833521127085,"upper_bound":-0.06746107881048997},"point_estimate":-0.07108642434482271,"standard_error":0.002487164812532478}}