{"Mean":{"confidence_interval":{"confidence_level":0.95,"lower_bound":-0.05878764027665395,"upper_bound":-0.03117869262687606},"point_estimate":-0.04616840651319121,"standard_error":0.007045172687512554},"Median":{"confidence_interval":{"confidence_level":0.95,"lower_bound":-0.054370348017548475,"upper_bound":-0.03328871815536416},"point_estimate":-0.03975255946102918,"standard_error":0.005377397100227326}}