{"Mean":{"confidence_interval":{"confidence_level":0.95,"lower_bound":-0.03085943311296731,"upper_bound":0.005020654491784793},"point_estimate":-0.012724736783714552,"standard_error":0.009140647973068043},"Median":{"confidence_interval":{"confidence_level":0.95,"lower_bound":-0.014695172571045757,"upper_bound":0.0012235205447617137},"point_estimate":-0.005365663673857268,"standard_error":0.003907761754561354}}