{"Mean":{"confidence_interval":{"confidence_level":0.95,"lower_bound":-0.03214950479301187,"upper_bound":-0.009523189149332626},"point_estimate":-0.02143061247044764,"standard_error":0.005801876372679586},"Median":{"confidence_interval":{"confidence_level":0.95,"lower_bound":-0.027223827889501395,"upper_bound":-0.016067879005663976},"point_estimate":-0.02036127106113894,"standard_error":0.002784285165511823}}