{"Mean":{"confidence_interval":{"confidence_level":0.95,"lower_bound":-0.00385149914576347,"upper_bound":0.02073631547880793},"point_estimate":0.008502608818900859,"standard_error":0.006264660689958133},"Median":{"confidence_interval":{"confidence_level":0.95,"lower_bound":0.0019047436350165814,"upper_bound":0.018419461859696895},"point_estimate":0.011086420123465723,"standard_error":0.004384419753625042}}