{"Mean":{"confidence_interval":{"confidence_level":0.95,"lower_bound":-0.03657795222063076,"upper_bound":-0.0020517553100987784},"point_estimate":-0.01923260739954802,"standard_error":0.008816285909798736},"Median":{"confidence_interval":{"confidence_level":0.95,"lower_bound":-0.025490651828308564,"upper_bound":-0.008626619444985328},"point_estimate":-0.015477621997389002,"standard_error":0.004339451938073604}}