{"Mean":{"confidence_interval":{"confidence_level":0.95,"lower_bound":-0.02827218802986805,"upper_bound":-0.004658017575883905},"point_estimate":-0.01696948936480791,"standard_error":0.00598135476634326},"Median":{"confidence_interval":{"confidence_level":0.95,"lower_bound":-0.02658609336175784,"upper_bound":-0.009763356357430532},"point_estimate":-0.019474124268178516,"standard_error":0.004438804408084351}}