{"Mean":{"confidence_interval":{"confidence_level":0.95,"lower_bound":0.0378650347394851,"upper_bound":0.07801265649596939},"point_estimate":0.0576049253683355,"standard_error":0.010122994821350016},"Median":{"confidence_interval":{"confidence_level":0.95,"lower_bound":0.0007347974847226902,"upper_bound":0.069179594708773},"point_estimate":0.024799869694992704,"standard_error":0.023617127749570425}}