{"Mean":{"confidence_interval":{"confidence_level":0.95,"lower_bound":3889644.8745170035,"upper_bound":3955953.2463480025},"point_estimate":3918258.238914434,"standard_error":17089.84346818601},"Median":{"confidence_interval":{"confidence_level":0.95,"lower_bound":3874904.1340206186,"upper_bound":3915425.185185185},"point_estimate":3899143.21682728,"standard_error":11171.256124039854},"MedianAbsDev":{"confidence_interval":{"confidence_level":0.95,"lower_bound":70294.72674304877,"upper_bound":108004.1908754731},"point_estimate":90383.09016322596,"standard_error":9782.129923918694},"Slope":{"confidence_interval":{"confidence_level":0.95,"lower_bound":3883629.2614843436,"upper_bound":3915557.0582460063},"point_estimate":3899720.1893394412,"standard_error":8154.546211886631},"StdDev":{"confidence_interval":{"confidence_level":0.95,"lower_bound":75607.9748441869,"upper_bound":264381.8300449115},"point_estimate":171908.5693949066,"standard_error":54033.647751996265}}