{"Mean":{"confidence_interval":{"confidence_level":0.95,"lower_bound":4568698.226504594,"upper_bound":4641238.081018737},"point_estimate":4603294.049046764,"standard_error":18470.392303958022},"Median":{"confidence_interval":{"confidence_level":0.95,"lower_bound":4541823.081632653,"upper_bound":4603028.663118131},"point_estimate":4565049.736148648,"standard_error":16105.002716496152},"MedianAbsDev":{"confidence_interval":{"confidence_level":0.95,"lower_bound":108164.84529524593,"upper_bound":195646.53157822596},"point_estimate":152082.30889601397,"standard_error":22804.960140949952},"Slope":{"confidence_interval":{"confidence_level":0.95,"lower_bound":4552048.866805825,"upper_bound":4610822.50194053},"point_estimate":4581170.109079355,"standard_error":14957.860404203357},"StdDev":{"confidence_interval":{"confidence_level":0.95,"lower_bound":130431.12986829472,"upper_bound":235456.72825825447},"point_estimate":185625.3270032987,"standard_error":26850.197332052445}}