{"Mean":{"confidence_interval":{"confidence_level":0.95,"lower_bound":8025307.100936131,"upper_bound":8694469.293861173},"point_estimate":8334972.5927071925,"standard_error":170927.03583488413},"Median":{"confidence_interval":{"confidence_level":0.95,"lower_bound":7534926.46875,"upper_bound":7919019.766666667},"point_estimate":7615144.007526882,"standard_error":105226.76695647895},"MedianAbsDev":{"confidence_interval":{"confidence_level":0.95,"lower_bound":295512.85416944284,"upper_bound":814381.392368781},"point_estimate":458742.0455357004,"standard_error":139389.31601153052},"Slope":{"confidence_interval":{"confidence_level":0.95,"lower_bound":8216037.210593936,"upper_bound":9301685.719504768},"point_estimate":8701992.392575735,"standard_error":278601.8290739687},"StdDev":{"confidence_interval":{"confidence_level":0.95,"lower_bound":1057357.0475414416,"upper_bound":2268971.4522026055},"point_estimate":1718274.0567951985,"standard_error":308146.0521682079}}