{"Mean":{"confidence_interval":{"confidence_level":0.95,"lower_bound":6989782.150375715,"upper_bound":7087878.56138939},"point_estimate":7035036.4756169375,"standard_error":25039.50019183729},"Median":{"confidence_interval":{"confidence_level":0.95,"lower_bound":6924643.948717949,"upper_bound":7017270.8965517245},"point_estimate":6974376.731234867,"standard_error":25436.16242335836},"MedianAbsDev":{"confidence_interval":{"confidence_level":0.95,"lower_bound":96878.65632936324,"upper_bound":178882.30172390526},"point_estimate":147099.61203545553,"standard_error":23090.767948789904},"Slope":{"confidence_interval":{"confidence_level":0.95,"lower_bound":6988590.688223127,"upper_bound":7113113.604124757},"point_estimate":7045002.677384365,"standard_error":31990.448898628085},"StdDev":{"confidence_interval":{"confidence_level":0.95,"lower_bound":147443.77427141918,"upper_bound":340697.07338482916},"point_estimate":252288.39180579106,"standard_error":49024.68098489239}}