{"Mean":{"confidence_interval":{"confidence_level":0.95,"lower_bound":2612146.3873811006,"upper_bound":2679719.895073571},"point_estimate":2643736.65036172,"standard_error":17302.745634029998},"Median":{"confidence_interval":{"confidence_level":0.95,"lower_bound":2568434.436011905,"upper_bound":2602301.6721311477},"point_estimate":2583163.4673913047,"standard_error":9143.069597200241},"MedianAbsDev":{"confidence_interval":{"confidence_level":0.95,"lower_bound":48355.969821306266,"upper_bound":91742.56244076561},"point_estimate":68078.0693694856,"standard_error":11485.515904405444},"Slope":{"confidence_interval":{"confidence_level":0.95,"lower_bound":2572532.6296518296,"upper_bound":2621236.698951968},"point_estimate":2594540.832741244,"standard_error":12515.245736735305},"StdDev":{"confidence_interval":{"confidence_level":0.95,"lower_bound":113463.5487201732,"upper_bound":235061.73045384407},"point_estimate":174539.25746343963,"standard_error":32045.72366861364}}