{"Mean":{"confidence_interval":{"confidence_level":0.95,"lower_bound":3934146.9879427287,"upper_bound":3994492.1905624447},"point_estimate":3959079.4887157483,"standard_error":15744.028943858339},"Median":{"confidence_interval":{"confidence_level":0.95,"lower_bound":3919633.2183908047,"upper_bound":3940974.1951219514},"point_estimate":3931197.143512724,"standard_error":6344.668246072575},"MedianAbsDev":{"confidence_interval":{"confidence_level":0.95,"lower_bound":29442.255183177997,"upper_bound":47114.52592549308},"point_estimate":36876.28845535067,"standard_error":4405.078990304245},"Slope":{"confidence_interval":{"confidence_level":0.95,"lower_bound":3925329.716557839,"upper_bound":3943682.099304685},"point_estimate":3934204.9723215606,"standard_error":4678.762468275983},"StdDev":{"confidence_interval":{"confidence_level":0.95,"lower_bound":46368.890627722954,"upper_bound":252097.61232286048},"point_estimate":157749.49893202676,"standard_error":59232.26290498881}}