{"Mean":{"confidence_interval":{"confidence_level":0.95,"lower_bound":5499624.2332695555,"upper_bound":5604742.212513904},"point_estimate":5539366.410908563,"standard_error":28104.32870295337},"Median":{"confidence_interval":{"confidence_level":0.95,"lower_bound":5483716.258204334,"upper_bound":5503737.108108108},"point_estimate":5494214.150541699,"standard_error":5386.53314079192},"MedianAbsDev":{"confidence_interval":{"confidence_level":0.95,"lower_bound":27024.962032993844,"upper_bound":49298.78586378378},"point_estimate":38356.99071214987,"standard_error":5652.94210184198},"Slope":{"confidence_interval":{"confidence_level":0.95,"lower_bound":5495513.912723205,"upper_bound":5513218.161722482},"point_estimate":5504292.940928034,"standard_error":4527.406150406728},"StdDev":{"confidence_interval":{"confidence_level":0.95,"lower_bound":40085.07731727921,"upper_bound":467753.5387487439},"point_estimate":281010.25949444325,"standard_error":131568.16171942337}}