{"Mean":{"confidence_interval":{"confidence_level":0.95,"lower_bound":5592825.663192555,"upper_bound":5691369.085413782},"point_estimate":5634342.894702674,"standard_error":25464.15721640039},"Median":{"confidence_interval":{"confidence_level":0.95,"lower_bound":5601526.493975904,"upper_bound":5661945.1728395065},"point_estimate":5630521.152157738,"standard_error":13981.452284913968},"MedianAbsDev":{"confidence_interval":{"confidence_level":0.95,"lower_bound":69109.02191382277,"upper_bound":145394.2473193172},"point_estimate":113010.69415203079,"standard_error":20441.842415923435},"Slope":{"confidence_interval":{"confidence_level":0.95,"lower_bound":5586169.222277362,"upper_bound":5625258.255182769},"point_estimate":5605899.187900104,"standard_error":9991.714606289435},"StdDev":{"confidence_interval":{"confidence_level":0.95,"lower_bound":107194.53302503403,"upper_bound":403201.8927545444},"point_estimate":256116.26172270608,"standard_error":91264.35228519137}}