{"Mean":{"confidence_interval":{"confidence_level":0.95,"lower_bound":7003981.035944599,"upper_bound":7144066.165598809},"point_estimate":7059996.668393118,"standard_error":36682.4257493442},"Median":{"confidence_interval":{"confidence_level":0.95,"lower_bound":6962228.338173019,"upper_bound":7005941.775280898},"point_estimate":6980052.05882353,"standard_error":9506.423095770833},"MedianAbsDev":{"confidence_interval":{"confidence_level":0.95,"lower_bound":57989.50854958965,"upper_bound":105196.99052774628},"point_estimate":82697.94244862474,"standard_error":11584.103841759077},"Slope":{"confidence_interval":{"confidence_level":0.95,"lower_bound":7004623.772252732,"upper_bound":7090887.568952665},"point_estimate":7042774.141932909,"standard_error":22351.029124807523},"StdDev":{"confidence_interval":{"confidence_level":0.95,"lower_bound":123874.05564680739,"upper_bound":595479.730102297},"point_estimate":367827.27738525666,"standard_error":152600.16849694878}}