{"Mean":{"confidence_interval":{"confidence_level":0.95,"lower_bound":8172810.681827053,"upper_bound":8267340.776929374},"point_estimate":8213727.451261431,"standard_error":24324.585161181538},"Median":{"confidence_interval":{"confidence_level":0.95,"lower_bound":8146005.472727273,"upper_bound":8167452.532467533},"point_estimate":8157811.968650111,"standard_error":6216.6011342145775},"MedianAbsDev":{"confidence_interval":{"confidence_level":0.95,"lower_bound":36353.96918108916,"upper_bound":66884.7609489615},"point_estimate":51728.03957229833,"standard_error":8447.16544334385},"Slope":{"confidence_interval":{"confidence_level":0.95,"lower_bound":8153835.988458715,"upper_bound":8175986.836918435},"point_estimate":8164612.0570208365,"standard_error":5640.57394091328},"StdDev":{"confidence_interval":{"confidence_level":0.95,"lower_bound":75058.63242422433,"upper_bound":371077.31860908424},"point_estimate":244404.39515038623,"standard_error":73221.84153466785}}