{"Mean":{"confidence_interval":{"confidence_level":0.95,"lower_bound":0.039648769718379516,"upper_bound":0.08686450374209466},"point_estimate":0.061300074053099785,"standard_error":0.01213007429365515},"Median":{"confidence_interval":{"confidence_level":0.95,"lower_bound":0.049876601897735684,"upper_bound":0.07112808048093155},"point_estimate":0.060304430531137765,"standard_error":0.005176815844617647}}