{"Mean":{"confidence_interval":{"confidence_level":0.95,"lower_bound":0.04428823992254381,"upper_bound":0.09550455524025339},"point_estimate":0.0670710096049898,"standard_error":0.013136500394855869},"Median":{"confidence_interval":{"confidence_level":0.95,"lower_bound":0.04949377736066296,"upper_bound":0.0686464813491209},"point_estimate":0.05940405809441174,"standard_error":0.0049095461367999775}}