{"Mean":{"confidence_interval":{"confidence_level":0.95,"lower_bound":0.10615182695468006,"upper_bound":0.2449842551805823},"point_estimate":0.1750788172295623,"standard_error":0.0343286148791798},"Median":{"confidence_interval":{"confidence_level":0.95,"lower_bound":0.011207871755057663,"upper_bound":0.07585944265327704},"point_estimate":0.0376921525106626,"standard_error":0.016826621801380365}}