{"Mean":{"confidence_interval":{"confidence_level":0.95,"lower_bound":0.024447151385978767,"upper_bound":0.06786160448876363},"point_estimate":0.04537815517328658,"standard_error":0.01106469542557063},"Median":{"confidence_interval":{"confidence_level":0.95,"lower_bound":0.030442998278422007,"upper_bound":0.06241823044898287},"point_estimate":0.04703294093839161,"standard_error":0.007995171656763703}}