{"Mean":{"confidence_interval":{"confidence_level":0.95,"lower_bound":-0.9860471070780227,"upper_bound":-0.9817686494615784},"point_estimate":-0.9837607668295383,"standard_error":0.0011280276596865226},"Median":{"confidence_interval":{"confidence_level":0.95,"lower_bound":-0.9822624891803476,"upper_bound":-0.981464543485304},"point_estimate":-0.98200411120109,"standard_error":0.0002128498273295737}}