{"Mean":{"confidence_interval":{"confidence_level":0.95,"lower_bound":0.010912398534361437,"upper_bound":0.06195344674595624},"point_estimate":0.03640205446586586,"standard_error":0.012882403360222991},"Median":{"confidence_interval":{"confidence_level":0.95,"lower_bound":0.00802133341947453,"upper_bound":0.03195086744348331},"point_estimate":0.018342279631199165,"standard_error":0.005698513124143082}}