{"Mean":{"confidence_interval":{"confidence_level":0.95,"lower_bound":3001440.962321124,"upper_bound":3072280.702030246},"point_estimate":3036622.639053162,"standard_error":18087.81774023967},"Median":{"confidence_interval":{"confidence_level":0.95,"lower_bound":3016845.086503623,"upper_bound":3089332.435483871},"point_estimate":3052164.775978408,"standard_error":19087.070015600624},"MedianAbsDev":{"confidence_interval":{"confidence_level":0.95,"lower_bound":104458.33806854342,"upper_bound":176949.14177527273},"point_estimate":144585.73323458424,"standard_error":19047.614250751463},"Slope":{"confidence_interval":{"confidence_level":0.95,"lower_bound":3095180.4225705243,"upper_bound":3145941.005070805},"point_estimate":3119587.5280212797,"standard_error":13015.910653895848},"StdDev":{"confidence_interval":{"confidence_level":0.95,"lower_bound":145142.74307600522,"upper_bound":216205.28680465795},"point_estimate":181552.58446590469,"standard_error":18136.141318949187}}