{"Mean":{"confidence_interval":{"confidence_level":0.95,"lower_bound":3258663.857703059,"upper_bound":3340833.52703964},"point_estimate":3296861.843087705,"standard_error":20966.42256813932},"Median":{"confidence_interval":{"confidence_level":0.95,"lower_bound":3244484.5268342393,"upper_bound":3308641.879712859},"point_estimate":3267755.5582560296,"standard_error":15251.500954375633},"MedianAbsDev":{"confidence_interval":{"confidence_level":0.95,"lower_bound":85074.30520737915,"upper_bound":131277.10371086042},"point_estimate":106237.96855362187,"standard_error":11741.941636743053},"Slope":{"confidence_interval":{"confidence_level":0.95,"lower_bound":3306920.5926975477,"upper_bound":3338128.090438738},"point_estimate":3322631.709159155,"standard_error":7950.70764566755},"StdDev":{"confidence_interval":{"confidence_level":0.95,"lower_bound":134302.877120765,"upper_bound":282856.2696120127},"point_estimate":210494.27713548808,"standard_error":38430.3809766604}}