{"Mean":{"confidence_interval":{"confidence_level":0.95,"lower_bound":3086216.3453015364,"upper_bound":3175465.326448442},"point_estimate":3129463.85122287,"standard_error":22786.35683216099},"Median":{"confidence_interval":{"confidence_level":0.95,"lower_bound":3049664.6666666665,"upper_bound":3148253.6036475264},"point_estimate":3119635.6019475358,"standard_error":26414.14897991234},"MedianAbsDev":{"confidence_interval":{"confidence_level":0.95,"lower_bound":129330.6561380937,"upper_bound":206493.26923281967},"point_estimate":175331.44099359013,"standard_error":20248.270308328396},"Slope":{"confidence_interval":{"confidence_level":0.95,"lower_bound":3185568.8959767316,"upper_bound":3301544.8463207013},"point_estimate":3241092.7803901285,"standard_error":29665.643230232316},"StdDev":{"confidence_interval":{"confidence_level":0.95,"lower_bound":178537.36757530956,"upper_bound":276555.2608881001},"point_estimate":229630.47591085025,"standard_error":25075.531201240283}}