{"Mean":{"confidence_interval":{"confidence_level":0.95,"lower_bound":3042598.7311952314,"upper_bound":3127798.8079396514},"point_estimate":3080009.8288846845,"standard_error":21752.966047612186},"Median":{"confidence_interval":{"confidence_level":0.95,"lower_bound":3059688.277777778,"upper_bound":3096798.028621126},"point_estimate":3078988.306837607,"standard_error":8819.575600728695},"MedianAbsDev":{"confidence_interval":{"confidence_level":0.95,"lower_bound":72801.39480666179,"upper_bound":133491.34277205868},"point_estimate":113102.22362194749,"standard_error":15037.52717249967},"Slope":{"confidence_interval":{"confidence_level":0.95,"lower_bound":3099667.401898352,"upper_bound":3139968.938212462},"point_estimate":3119914.163942663,"standard_error":10298.731499446436},"StdDev":{"confidence_interval":{"confidence_level":0.95,"lower_bound":111693.05450763585,"upper_bound":336909.8561447301},"point_estimate":219382.0238958903,"standard_error":69989.22049422789}}