{"Mean":{"confidence_interval":{"confidence_level":0.95,"lower_bound":3018013.638534522,"upper_bound":3096010.4715541047},"point_estimate":3054663.264335243,"standard_error":19854.2368914903},"Median":{"confidence_interval":{"confidence_level":0.95,"lower_bound":3056027.754983389,"upper_bound":3093203.431904762},"point_estimate":3073548.58974359,"standard_error":9330.027548707814},"MedianAbsDev":{"confidence_interval":{"confidence_level":0.95,"lower_bound":60071.45482491261,"upper_bound":109722.35606972089},"point_estimate":89765.72598550633,"standard_error":13148.137167939352},"Slope":{"confidence_interval":{"confidence_level":0.95,"lower_bound":3072826.4630781775,"upper_bound":3098086.1537532727},"point_estimate":3085822.4110240876,"standard_error":6445.573172913107},"StdDev":{"confidence_interval":{"confidence_level":0.95,"lower_bound":119929.38079637782,"upper_bound":288624.9968101816},"point_estimate":200379.47504934936,"standard_error":46983.02307953391}}