{"Mean":{"confidence_interval":{"confidence_level":0.95,"lower_bound":32527.03422644895,"upper_bound":33420.73944966794},"point_estimate":32959.075969498095,"standard_error":227.69744813106206},"Median":{"confidence_interval":{"confidence_level":0.95,"lower_bound":31733.62850310856,"upper_bound":33218.43918128655},"point_estimate":32256.711398467432,"standard_error":381.32305494488065},"MedianAbsDev":{"confidence_interval":{"confidence_level":0.95,"lower_bound":1375.7448584327901,"upper_bound":2789.092202876878},"point_estimate":2047.2022147319233,"standard_error":399.59742549191986},"Slope":{"confidence_interval":{"confidence_level":0.95,"lower_bound":32444.85249368532,"upper_bound":33120.82109102066},"point_estimate":32779.745699817744,"standard_error":172.77026686487028},"StdDev":{"confidence_interval":{"confidence_level":0.95,"lower_bound":1838.9898020812063,"upper_bound":2757.1538164196336},"point_estimate":2286.951831835764,"standard_error":237.8371561466707}}