{"Mean":{"confidence_interval":{"confidence_level":0.95,"lower_bound":40042.76710798753,"upper_bound":42081.35726656649},"point_estimate":40987.88652178814,"standard_error":521.4966855614678},"Median":{"confidence_interval":{"confidence_level":0.95,"lower_bound":39187.335185185184,"upper_bound":40331.36642156863},"point_estimate":39614.00102124183,"standard_error":279.97039466171884},"MedianAbsDev":{"confidence_interval":{"confidence_level":0.95,"lower_bound":1775.7249567530735,"upper_bound":3101.2419878970804},"point_estimate":2395.994238869467,"standard_error":329.61414907791686},"Slope":{"confidence_interval":{"confidence_level":0.95,"lower_bound":39185.80865843912,"upper_bound":40096.02173004061},"point_estimate":39631.472763656966,"standard_error":231.40357653108202},"StdDev":{"confidence_interval":{"confidence_level":0.95,"lower_bound":3282.8520473099375,"upper_bound":6911.76831671772},"point_estimate":5245.484634776544,"standard_error":927.8542548704451}}