{"Mean":{"confidence_interval":{"confidence_level":0.95,"lower_bound":67951.3838020146,"upper_bound":70075.3904628011},"point_estimate":68986.77638224904,"standard_error":544.5018296836927},"Median":{"confidence_interval":{"confidence_level":0.95,"lower_bound":66766.47252747252,"upper_bound":68822.90355477855},"point_estimate":67607.31850175967,"standard_error":569.5897893188289},"MedianAbsDev":{"confidence_interval":{"confidence_level":0.95,"lower_bound":3343.0514992470908,"upper_bound":5568.463632084076},"point_estimate":4529.386478882191,"standard_error":557.7516195766553},"Slope":{"confidence_interval":{"confidence_level":0.95,"lower_bound":68626.49219240644,"upper_bound":71011.64045624771},"point_estimate":69789.9742897091,"standard_error":610.4898778124548},"StdDev":{"confidence_interval":{"confidence_level":0.95,"lower_bound":4310.0079515642055,"upper_bound":6539.19606092472},"point_estimate":5469.511661951376,"standard_error":573.9173002459556}}