{"Mean":{"confidence_interval":{"confidence_level":0.95,"lower_bound":132496.16768202075,"upper_bound":137534.52349316175},"point_estimate":134894.29213217887,"standard_error":1288.552115732373},"Median":{"confidence_interval":{"confidence_level":0.95,"lower_bound":130852.88013967779,"upper_bound":134771.04600484262},"point_estimate":132677.83015758573,"standard_error":859.1040359628348},"MedianAbsDev":{"confidence_interval":{"confidence_level":0.95,"lower_bound":6981.097394736906,"upper_bound":10939.523801237929},"point_estimate":9069.834165614868,"standard_error":1018.728724407967},"Slope":{"confidence_interval":{"confidence_level":0.95,"lower_bound":131045.93829470688,"upper_bound":135007.57113116558},"point_estimate":132922.7745681775,"standard_error":1015.6737418209382},"StdDev":{"confidence_interval":{"confidence_level":0.95,"lower_bound":9410.945344439653,"upper_bound":16230.500602578559},"point_estimate":13010.678561605213,"standard_error":1745.306406110327}}