{"Mean":{"confidence_interval":{"confidence_level":0.95,"lower_bound":-0.024726289952287123,"upper_bound":-0.0027224699414713518},"point_estimate":-0.01400538398787421,"standard_error":0.005619807195809872},"Median":{"confidence_interval":{"confidence_level":0.95,"lower_bound":-0.026424099048192835,"upper_bound":-0.016227607473139227},"point_estimate":-0.0210974792081855,"standard_error":0.0023431951339009023}}