{"Mean":{"confidence_interval":{"confidence_level":0.95,"lower_bound":-0.016773203976309357,"upper_bound":0.00840803398196062},"point_estimate":-0.004168645374662883,"standard_error":0.006307981564579209},"Median":{"confidence_interval":{"confidence_level":0.95,"lower_bound":-0.005857202251845273,"upper_bound":0.00025010904918654545},"point_estimate":-0.001997838342313152,"standard_error":0.0014290718097921807}}