{"Mean":{"confidence_interval":{"confidence_level":0.95,"lower_bound":-0.22676271733495426,"upper_bound":-0.1513188011764503},"point_estimate":-0.18946745524092534,"standard_error":0.01924315492196154},"Median":{"confidence_interval":{"confidence_level":0.95,"lower_bound":-0.22280149670246796,"upper_bound":-0.044107333325096865},"point_estimate":-0.1330754383011712,"standard_error":0.05188667115952884}}