{"Mean":{"confidence_interval":{"confidence_level":0.95,"lower_bound":0.04063189189201726,"upper_bound":0.06414623053286743},"point_estimate":0.052028077342872736,"standard_error":0.005898942311614576},"Median":{"confidence_interval":{"confidence_level":0.95,"lower_bound":0.038363597833113605,"upper_bound":0.0450459264063439},"point_estimate":0.04161958334659599,"standard_error":0.0018979374542327748}}