{"Mean":{"confidence_interval":{"confidence_level":0.95,"lower_bound":-0.1869974601227215,"upper_bound":-0.10716932125445615},"point_estimate":-0.14563233051910207,"standard_error":0.020455625538477913},"Median":{"confidence_interval":{"confidence_level":0.95,"lower_bound":-0.08584323534825877,"upper_bound":-0.06596723301870577},"point_estimate":-0.07646847488233355,"standard_error":0.005062949055633489}}