{"Mean":{"confidence_interval":{"confidence_level":0.95,"lower_bound":-0.0675198830470623,"upper_bound":-0.027439864754919642},"point_estimate":-0.04679783683351002,"standard_error":0.010236100089017703},"Median":{"confidence_interval":{"confidence_level":0.95,"lower_bound":-0.03441566988534672,"upper_bound":0.015877834586768724},"point_estimate":0.00006627780615797718,"standard_error":0.013197412808617888}}