{"Mean":{"confidence_interval":{"confidence_level":0.95,"lower_bound":0.057730223220923686,"upper_bound":0.09092817685931798},"point_estimate":0.07475930641466388,"standard_error":0.008479055260318872},"Median":{"confidence_interval":{"confidence_level":0.95,"lower_bound":0.07041729330682264,"upper_bound":0.08035942224862902},"point_estimate":0.07575347456575665,"standard_error":0.0023923657646527387}}