{"Mean":{"confidence_interval":{"confidence_level":0.95,"lower_bound":-0.10521771732651453,"upper_bound":-0.08393475096110893},"point_estimate":-0.094247017406759,"standard_error":0.005414252707133134},"Median":{"confidence_interval":{"confidence_level":0.95,"lower_bound":-0.10156882155319069,"upper_bound":-0.09215129178436232},"point_estimate":-0.09708150243199065,"standard_error":0.0023881261797556556}}