{"Mean":{"confidence_interval":{"confidence_level":0.95,"lower_bound":0.046529373432487225,"upper_bound":0.07457877483079745},"point_estimate":0.06023063030912157,"standard_error":0.0071038631255352066},"Median":{"confidence_interval":{"confidence_level":0.95,"lower_bound":0.048355731904700994,"upper_bound":0.06679544644502688},"point_estimate":0.05867766906032501,"standard_error":0.004785185191646004}}