{"Mean":{"confidence_interval":{"confidence_level":0.95,"lower_bound":-0.5417075374055323,"upper_bound":-0.5264751749838821},"point_estimate":-0.5343115485987943,"standard_error":0.0038698434645094626},"Median":{"confidence_interval":{"confidence_level":0.95,"lower_bound":-0.5413474913331089,"upper_bound":-0.5384658495950942},"point_estimate":-0.5403286339352928,"standard_error":0.0007844594733516694}}