{"Mean":{"confidence_interval":{"confidence_level":0.95,"lower_bound":8147950.487369669,"upper_bound":8228765.067514626},"point_estimate":8183953.414384748,"standard_error":20688.42198918932},"Median":{"confidence_interval":{"confidence_level":0.95,"lower_bound":8117108.514705882,"upper_bound":8201596.333333333},"point_estimate":8146592.275783041,"standard_error":19732.97175602572},"MedianAbsDev":{"confidence_interval":{"confidence_level":0.95,"lower_bound":105658.81385815515,"upper_bound":153022.15535319998},"point_estimate":137381.905579613,"standard_error":12089.527987216909},"Slope":{"confidence_interval":{"confidence_level":0.95,"lower_bound":8134495.991677883,"upper_bound":8181160.923115951},"point_estimate":8157558.549980789,"standard_error":11906.378869090964},"StdDev":{"confidence_interval":{"confidence_level":0.95,"lower_bound":106098.88436724887,"upper_bound":310516.4141234331},"point_estimate":207899.39827138677,"standard_error":57966.164845572835}}