{"Mean":{"confidence_interval":{"confidence_level":0.95,"lower_bound":43663449.75824235,"upper_bound":44827639.95895642},"point_estimate":44125819.07792843,"standard_error":308225.8926673744},"Median":{"confidence_interval":{"confidence_level":0.95,"lower_bound":43363906.56333333,"upper_bound":43452831.62012987},"point_estimate":43399824.89195046,"standard_error":24241.496384900238},"MedianAbsDev":{"confidence_interval":{"confidence_level":0.95,"lower_bound":140209.1755528277,"upper_bound":304779.07745169377},"point_estimate":203764.3082333737,"standard_error":44353.97821682377},"Slope":{"confidence_interval":{"confidence_level":0.95,"lower_bound":43875952.46829446,"upper_bound":46494091.115068786},"point_estimate":44936156.836169645,"standard_error":691854.5900273732},"StdDev":{"confidence_interval":{"confidence_level":0.95,"lower_bound":835332.739495543,"upper_bound":5056715.687560579},"point_estimate":3094988.2477277773,"standard_error":1321128.202519146}}