{"Mean":{"confidence_interval":{"confidence_level":0.95,"lower_bound":9142332.383569589,"upper_bound":9527904.6710386},"point_estimate":9319651.362928163,"standard_error":99097.64913438093},"Median":{"confidence_interval":{"confidence_level":0.95,"lower_bound":8887316.941637632,"upper_bound":9028680.983652312},"point_estimate":8964885.234375,"standard_error":37471.442626233744},"MedianAbsDev":{"confidence_interval":{"confidence_level":0.95,"lower_bound":204549.13308676434,"upper_bound":393218.0278025371},"point_estimate":286963.0158639426,"standard_error":45888.56958840655},"Slope":{"confidence_interval":{"confidence_level":0.95,"lower_bound":9158106.7765825,"upper_bound":9780119.46527044},"point_estimate":9436506.885042116,"standard_error":159346.5233297573},"StdDev":{"confidence_interval":{"confidence_level":0.95,"lower_bound":642769.90518868,"upper_bound":1358404.4241364123},"point_estimate":994653.1929230886,"standard_error":193797.32681651652}}