{"Mean":{"confidence_interval":{"confidence_level":0.95,"lower_bound":9250176.61873131,"upper_bound":9360061.824419074},"point_estimate":9294299.573341232,"standard_error":28909.767588312032},"Median":{"confidence_interval":{"confidence_level":0.95,"lower_bound":9217616.023255814,"upper_bound":9253079.891304348},"point_estimate":9231283.429275021,"standard_error":9849.716182369055},"MedianAbsDev":{"confidence_interval":{"confidence_level":0.95,"lower_bound":42573.2288941741,"upper_bound":79859.31953382674},"point_estimate":64154.370167692025,"standard_error":9787.782358410455},"Slope":{"confidence_interval":{"confidence_level":0.95,"lower_bound":9236247.689759834,"upper_bound":9306226.478236882},"point_estimate":9264443.149064578,"standard_error":18443.401111055897},"StdDev":{"confidence_interval":{"confidence_level":0.95,"lower_bound":86131.10214025858,"upper_bound":470967.70248585334},"point_estimate":289811.7385928242,"standard_error":119705.14941578975}}