{"Mean":{"confidence_interval":{"confidence_level":0.95,"lower_bound":8321080.585867264,"upper_bound":8606347.191988701},"point_estimate":8451893.411932733,"standard_error":73096.29564354745},"Median":{"confidence_interval":{"confidence_level":0.95,"lower_bound":8190774.666666667,"upper_bound":8294993.238095238},"point_estimate":8247481.664141415,"standard_error":24684.323066828398},"MedianAbsDev":{"confidence_interval":{"confidence_level":0.95,"lower_bound":214691.1576750675,"upper_bound":428315.3373368509},"point_estimate":347217.6405691355,"standard_error":52993.812822310894},"Slope":{"confidence_interval":{"confidence_level":0.95,"lower_bound":8410158.98570033,"upper_bound":8728672.742522588},"point_estimate":8559259.296955815,"standard_error":81574.40799260218},"StdDev":{"confidence_interval":{"confidence_level":0.95,"lower_bound":429706.73972488946,"upper_bound":1012956.7767153529},"point_estimate":735020.7632900189,"standard_error":151497.87838269054}}