{"Mean":{"confidence_interval":{"confidence_level":0.95,"lower_bound":6318085.250431766,"upper_bound":6396591.953196892},"point_estimate":6352658.909970241,"standard_error":20269.54974732303},"Median":{"confidence_interval":{"confidence_level":0.95,"lower_bound":6297193.586748844,"upper_bound":6310454.2},"point_estimate":6303810.313131313,"standard_error":3470.1667900486145},"MedianAbsDev":{"confidence_interval":{"confidence_level":0.95,"lower_bound":33281.35114766388,"upper_bound":58144.27112373263},"point_estimate":48496.19632053572,"standard_error":6514.31512280221},"Slope":{"confidence_interval":{"confidence_level":0.95,"lower_bound":6294889.543569068,"upper_bound":6379620.952219512},"point_estimate":6327079.05533619,"standard_error":22729.618149569036},"StdDev":{"confidence_interval":{"confidence_level":0.95,"lower_bound":73436.90823370342,"upper_bound":295343.5726775462},"point_estimate":203309.18526477888,"standard_error":55453.229748983766}}