{"Mean":{"confidence_interval":{"confidence_level":0.95,"lower_bound":-0.021586030977390317,"upper_bound":0.023567533245679884},"point_estimate":-0.00038992987158303904,"standard_error":0.011663112864696113},"Median":{"confidence_interval":{"confidence_level":0.95,"lower_bound":-0.020984437758774677,"upper_bound":0.004370201672895702},"point_estimate":-0.009791137432220709,"standard_error":0.006594249270388894}}