{"Mean":{"confidence_interval":{"confidence_level":0.95,"lower_bound":0.40194118170856874,"upper_bound":0.46219053430255613},"point_estimate":0.4305029349610554,"standard_error":0.015464182156946574},"Median":{"confidence_interval":{"confidence_level":0.95,"lower_bound":0.3981841633695824,"upper_bound":0.4281286596210756},"point_estimate":0.41074833597202653,"standard_error":0.007503766142902403}}