{"Mean":{"confidence_interval":{"confidence_level":0.95,"lower_bound":-0.21200077524173366,"upper_bound":-0.12643507658614772},"point_estimate":-0.1680440335049963,"standard_error":0.021896774498194566},"Median":{"confidence_interval":{"confidence_level":0.95,"lower_bound":-0.12927039487109726,"upper_bound":-0.0955504328439204},"point_estimate":-0.11104792663990226,"standard_error":0.009661787235853932}}