{"Mean":{"confidence_interval":{"confidence_level":0.95,"lower_bound":-0.059920672970295095,"upper_bound":-0.016199777840089285},"point_estimate":-0.0364805144952105,"standard_error":0.011153255241645777},"Median":{"confidence_interval":{"confidence_level":0.95,"lower_bound":-0.04307240130625128,"upper_bound":-0.023025164911134106},"point_estimate":-0.03080163201897257,"standard_error":0.005240887509624086}}