{"Mean":{"confidence_interval":{"confidence_level":0.95,"lower_bound":-0.10505613051024187,"upper_bound":-0.0475354243356161},"point_estimate":-0.0760360137098417,"standard_error":0.014617224028871546},"Median":{"confidence_interval":{"confidence_level":0.95,"lower_bound":-0.08725282881324914,"upper_bound":-0.06406359298718756},"point_estimate":-0.07275556606278943,"standard_error":0.005937081312022231}}