{"Mean":{"confidence_interval":{"confidence_level":0.95,"lower_bound":-0.06128083873217178,"upper_bound":-0.0043794189902033485},"point_estimate":-0.032319127490795574,"standard_error":0.014537961975823176},"Median":{"confidence_interval":{"confidence_level":0.95,"lower_bound":-0.03999306156513971,"upper_bound":-0.010016220127527342},"point_estimate":-0.023575443704828558,"standard_error":0.007523094627678258}}