{"Mean":{"confidence_interval":{"confidence_level":0.95,"lower_bound":-0.9899857921082806,"upper_bound":-0.9814969880478458},"point_estimate":-0.9863483003356343,"standard_error":0.0022196048118439016},"Median":{"confidence_interval":{"confidence_level":0.95,"lower_bound":-0.9818390503434007,"upper_bound":-0.9801483741743915},"point_estimate":-0.9810028324459402,"standard_error":0.0004652091140881978}}