{"Mean":{"confidence_interval":{"confidence_level":0.95,"lower_bound":-0.018994820849482497,"upper_bound":0.01608884966408364},"point_estimate":-0.0018745814680839468,"standard_error":0.00883426142270227},"Median":{"confidence_interval":{"confidence_level":0.95,"lower_bound":-0.008662589192910075,"upper_bound":0.011042648608879269},"point_estimate":-0.000421765931586382,"standard_error":0.005519760212931246}}