{"Mean":{"confidence_interval":{"confidence_level":0.95,"lower_bound":0.008375608898029236,"upper_bound":0.0565493861434375},"point_estimate":0.03179631674266492,"standard_error":0.01225934024745655},"Median":{"confidence_interval":{"confidence_level":0.95,"lower_bound":0.008253097925734254,"upper_bound":0.029804595820360436},"point_estimate":0.01969065618447141,"standard_error":0.0057570048166099945}}