{"Mean":{"confidence_interval":{"confidence_level":0.95,"lower_bound":0.019884460891135557,"upper_bound":0.0464819005610282},"point_estimate":0.03359621480021091,"standard_error":0.006743869502096056},"Median":{"confidence_interval":{"confidence_level":0.95,"lower_bound":0.029588792090798233,"upper_bound":0.043966699625113126},"point_estimate":0.0371860411214906,"standard_error":0.003713844501846448}}