{"Mean":{"confidence_interval":{"confidence_level":0.95,"lower_bound":0.010086690476608644,"upper_bound":0.04494828887247553},"point_estimate":0.026326499680985327,"standard_error":0.00880966948124077},"Median":{"confidence_interval":{"confidence_level":0.95,"lower_bound":0.021446594462249058,"upper_bound":0.03325948283983844},"point_estimate":0.026729008916949626,"standard_error":0.003009928118538916}}