{"Mean":{"confidence_interval":{"confidence_level":0.95,"lower_bound":-0.054914203009045155,"upper_bound":-0.01763786077274613},"point_estimate":-0.03608824804256405,"standard_error":0.009486764569047674},"Median":{"confidence_interval":{"confidence_level":0.95,"lower_bound":-0.024679679321130354,"upper_bound":-0.005621318130348274},"point_estimate":-0.012571265793100861,"standard_error":0.004861564195160853}}