{"Mean":{"confidence_interval":{"confidence_level":0.95,"lower_bound":-0.012449027951674624,"upper_bound":0.03420718882115041},"point_estimate":0.008221520429638751,"standard_error":0.011923531421877298},"Median":{"confidence_interval":{"confidence_level":0.95,"lower_bound":-0.006959123529312272,"upper_bound":0.012751838007195815},"point_estimate":0.001376518674255589,"standard_error":0.004669967905894521}}