{"Mean":{"confidence_interval":{"confidence_level":0.95,"lower_bound":-0.19362806587100825,"upper_bound":-0.17523543096036814},"point_estimate":-0.1844183027704971,"standard_error":0.00466439269826551},"Median":{"confidence_interval":{"confidence_level":0.95,"lower_bound":-0.18929794658400345,"upper_bound":-0.17951028347976206},"point_estimate":-0.18437040160029328,"standard_error":0.002636754713409257}}