{"Mean":{"confidence_interval":{"confidence_level":0.95,"lower_bound":0.02415906140328494,"upper_bound":0.059043663728497925},"point_estimate":0.040892522627361316,"standard_error":0.008819493581125158},"Median":{"confidence_interval":{"confidence_level":0.95,"lower_bound":0.03209509694830226,"upper_bound":0.04978479148593529},"point_estimate":0.041552045979851515,"standard_error":0.0046100001923039865}}