{"Mean":{"confidence_interval":{"confidence_level":0.95,"lower_bound":-0.005875135277224754,"upper_bound":0.03219752993766006},"point_estimate":0.01384789541739151,"standard_error":0.009658999793697267},"Median":{"confidence_interval":{"confidence_level":0.95,"lower_bound":0.014938029670692021,"upper_bound":0.02940520610256514},"point_estimate":0.023399378617133815,"standard_error":0.0036572537894997304}}