{"Mean":{"confidence_interval":{"confidence_level":0.95,"lower_bound":2262356.2641960783,"upper_bound":2331205.485815357},"point_estimate":2292650.5264532263,"standard_error":17627.409569651663},"Median":{"confidence_interval":{"confidence_level":0.95,"lower_bound":2234543.0823529414,"upper_bound":2255104.418390805},"point_estimate":2243598.7541666664,"standard_error":5259.90723755779},"MedianAbsDev":{"confidence_interval":{"confidence_level":0.95,"lower_bound":31299.78368685514,"upper_bound":54304.54804708526},"point_estimate":40107.0519712636,"standard_error":5898.453961891631},"Slope":{"confidence_interval":{"confidence_level":0.95,"lower_bound":2236151.3128462257,"upper_bound":2263060.58681939},"point_estimate":2247481.0958711393,"standard_error":6905.6711465527505},"StdDev":{"confidence_interval":{"confidence_level":0.95,"lower_bound":80659.0131911448,"upper_bound":261595.2198613719},"point_estimate":176859.42985491254,"standard_error":48067.72415526992}}