{"Mean":{"confidence_interval":{"confidence_level":0.95,"lower_bound":2259451.284205973,"upper_bound":2361133.6346781733},"point_estimate":2303533.623580588,"standard_error":26138.147220863375},"Median":{"confidence_interval":{"confidence_level":0.95,"lower_bound":2240462.294117647,"upper_bound":2250858.4913419914},"point_estimate":2245684.6304347827,"standard_error":2681.2140413503757},"MedianAbsDev":{"confidence_interval":{"confidence_level":0.95,"lower_bound":17467.01708009982,"upper_bound":32691.585533631373},"point_estimate":24958.566173155796,"standard_error":4143.670580415952},"Slope":{"confidence_interval":{"confidence_level":0.95,"lower_bound":2239931.5411384213,"upper_bound":2255401.327991574},"point_estimate":2247002.6385931727,"standard_error":3950.5960354459057},"StdDev":{"confidence_interval":{"confidence_level":0.95,"lower_bound":72657.30989349427,"upper_bound":385516.32790129643},"point_estimate":261650.8189204548,"standard_error":76595.62871010872}}