{"Mean":{"confidence_interval":{"confidence_level":0.95,"lower_bound":33634.624940269496,"upper_bound":35106.09438130435},"point_estimate":34274.88400709009,"standard_error":378.4539597932531},"Median":{"confidence_interval":{"confidence_level":0.95,"lower_bound":33107.79285714286,"upper_bound":33489.26853526221},"point_estimate":33320.19967532468,"standard_error":104.20689171304709},"MedianAbsDev":{"confidence_interval":{"confidence_level":0.95,"lower_bound":579.0555957985838,"upper_bound":1126.7892859821854},"point_estimate":767.4037925485237,"standard_error":146.37263411691515},"Slope":{"confidence_interval":{"confidence_level":0.95,"lower_bound":33454.89671924346,"upper_bound":34378.120697763574},"point_estimate":33855.62000527771,"standard_error":239.26874316904556},"StdDev":{"confidence_interval":{"confidence_level":0.95,"lower_bound":1691.5879924688766,"upper_bound":5771.925338488935},"point_estimate":3798.247152754571,"standard_error":1139.0987653603447}}