{"Mean":{"confidence_interval":{"confidence_level":0.95,"lower_bound":0.03733013713761451,"upper_bound":0.056196509329399104},"point_estimate":0.0472369594562454,"standard_error":0.004825230868062718},"Median":{"confidence_interval":{"confidence_level":0.95,"lower_bound":0.05643106297468581,"upper_bound":0.06820708009914424},"point_estimate":0.06446548108229244,"standard_error":0.00314116560439945}}