{"Mean":{"confidence_interval":{"confidence_level":0.95,"lower_bound":-0.10777674372820421,"upper_bound":-0.09499074080234896},"point_estimate":-0.10191402052876308,"standard_error":0.0032318422276583305},"Median":{"confidence_interval":{"confidence_level":0.95,"lower_bound":-0.1108523636235168,"upper_bound":-0.10466296736014069},"point_estimate":-0.10820188883639492,"standard_error":0.001577702391291072}}