{"Mean":{"confidence_interval":{"confidence_level":0.95,"lower_bound":-0.05153300198517019,"upper_bound":-0.021674547228633132},"point_estimate":-0.03619189336130424,"standard_error":0.007615577094793373},"Median":{"confidence_interval":{"confidence_level":0.95,"lower_bound":-0.018622864903046543,"upper_bound":0.003257319021713334},"point_estimate":-0.004345236896364679,"standard_error":0.005021221178236658}}