{"Mean":{"confidence_interval":{"confidence_level":0.95,"lower_bound":-0.039127922505431165,"upper_bound":-0.02139106983603869},"point_estimate":-0.030067659098544697,"standard_error":0.00449072694028654},"Median":{"confidence_interval":{"confidence_level":0.95,"lower_bound":-0.04297684915412969,"upper_bound":-0.03242633452085397},"point_estimate":-0.03840731718170587,"standard_error":0.0027580386924040373}}