{"Mean":{"confidence_interval":{"confidence_level":0.95,"lower_bound":-0.01960927109572014,"upper_bound":0.010607177869626437},"point_estimate":-0.004179565831806009,"standard_error":0.0076771793479575344},"Median":{"confidence_interval":{"confidence_level":0.95,"lower_bound":-0.006917557958523224,"upper_bound":0.007349597140974273},"point_estimate":-0.0008154660205828002,"standard_error":0.003468402002953521}}