{"Mean":{"confidence_interval":{"confidence_level":0.95,"lower_bound":0.013699916694350993,"upper_bound":0.04870633406473282},"point_estimate":0.03195202622624427,"standard_error":0.00895770016921204},"Median":{"confidence_interval":{"confidence_level":0.95,"lower_bound":0.06793398101022707,"upper_bound":0.07877768331241963},"point_estimate":0.07352903377768194,"standard_error":0.002907931634305182}}