{"Mean":{"confidence_interval":{"confidence_level":0.95,"lower_bound":-0.01664623396786502,"upper_bound":0.006015612755436342},"point_estimate":-0.005851049742725101,"standard_error":0.005719356878970705},"Median":{"confidence_interval":{"confidence_level":0.95,"lower_bound":-0.003269433201127381,"upper_bound":0.0015873071184335785},"point_estimate":-0.00115751582110446,"standard_error":0.0011880372025821738}}