{"Mean":{"confidence_interval":{"confidence_level":0.95,"lower_bound":0.06363702455695153,"upper_bound":0.08166809489731049},"point_estimate":0.07304185477409897,"standard_error":0.004578615566705996},"Median":{"confidence_interval":{"confidence_level":0.95,"lower_bound":0.0725996232645365,"upper_bound":0.086111012342734},"point_estimate":0.0813464496006655,"standard_error":0.003486069587133402}}