{"Mean":{"confidence_interval":{"confidence_level":0.95,"lower_bound":-0.4348211394185917,"upper_bound":-0.3911559356495677},"point_estimate":-0.4124361401494224,"standard_error":0.011139525780397393},"Median":{"confidence_interval":{"confidence_level":0.95,"lower_bound":-0.3859914775859249,"upper_bound":-0.3628487810819885},"point_estimate":-0.37569819614125355,"standard_error":0.005903625236381926}}