{"Mean":{"confidence_interval":{"confidence_level":0.95,"lower_bound":-0.08945659715531686,"upper_bound":-0.06898338350568328},"point_estimate":-0.07985623645724504,"standard_error":0.005175913365531184},"Median":{"confidence_interval":{"confidence_level":0.95,"lower_bound":-0.09254795748903888,"upper_bound":-0.08149341389488785},"point_estimate":-0.08748054257088622,"standard_error":0.0027778946643931593}}