{"Mean":{"confidence_interval":{"confidence_level":0.95,"lower_bound":2248210.863987869,"upper_bound":2314486.55270677},"point_estimate":2275741.5747303944,"standard_error":17251.812908195807},"Median":{"confidence_interval":{"confidence_level":0.95,"lower_bound":2235761.6324778916,"upper_bound":2241725.6},"point_estimate":2239095.3268939396,"standard_error":1471.0552979004217},"MedianAbsDev":{"confidence_interval":{"confidence_level":0.95,"lower_bound":9278.64317837469,"upper_bound":18463.47931588116},"point_estimate":13674.341414892737,"standard_error":2459.999840033358},"Slope":{"confidence_interval":{"confidence_level":0.95,"lower_bound":2239623.3449771395,"upper_bound":2254183.1063001277},"point_estimate":2246045.8315294813,"standard_error":3747.7291537535043},"StdDev":{"confidence_interval":{"confidence_level":0.95,"lower_bound":40013.336685994094,"upper_bound":275402.74955146626},"point_estimate":173216.23462289342,"standard_error":63948.79819459112}}