{"Mean":{"confidence_interval":{"confidence_level":0.95,"lower_bound":2209596.505463082,"upper_bound":2273211.3780893423},"point_estimate":2237988.521380229,"standard_error":16329.853560754793},"Median":{"confidence_interval":{"confidence_level":0.95,"lower_bound":2184797.6842105263,"upper_bound":2200911.6625310173},"point_estimate":2191337.455128205,"standard_error":4123.754334920289},"MedianAbsDev":{"confidence_interval":{"confidence_level":0.95,"lower_bound":29358.38935222759,"upper_bound":48565.376782100524},"point_estimate":38286.845362914755,"standard_error":4692.936112859642},"Slope":{"confidence_interval":{"confidence_level":0.95,"lower_bound":2197406.3206854607,"upper_bound":2266667.4747041087},"point_estimate":2228887.6906605586,"standard_error":17800.330497059713},"StdDev":{"confidence_interval":{"confidence_level":0.95,"lower_bound":79064.21229283989,"upper_bound":231980.96439471992},"point_estimate":163880.47037489706,"standard_error":39367.65878273315}}