{"Mean":{"confidence_interval":{"confidence_level":0.95,"lower_bound":4531549.364651577,"upper_bound":4613589.225492982},"point_estimate":4567897.099725827,"standard_error":21057.965344388722},"Median":{"confidence_interval":{"confidence_level":0.95,"lower_bound":4492836.044943821,"upper_bound":4532619.230769231},"point_estimate":4510810.689393939,"standard_error":9925.312699983207},"MedianAbsDev":{"confidence_interval":{"confidence_level":0.95,"lower_bound":43452.581215320206,"upper_bound":85497.09153460001},"point_estimate":66509.82274346704,"standard_error":10738.6381495056},"Slope":{"confidence_interval":{"confidence_level":0.95,"lower_bound":4511669.7203028025,"upper_bound":4573680.950077104},"point_estimate":4536372.624261859,"standard_error":16199.35822986171},"StdDev":{"confidence_interval":{"confidence_level":0.95,"lower_bound":95653.66408896117,"upper_bound":306588.02564862353},"point_estimate":211144.547607117,"standard_error":54679.74533424828}}