{"Mean":{"confidence_interval":{"confidence_level":0.95,"lower_bound":4572758.437864051,"upper_bound":4645233.005816552},"point_estimate":4602931.969759633,"standard_error":18891.660361199956},"Median":{"confidence_interval":{"confidence_level":0.95,"lower_bound":4563002.142857143,"upper_bound":4582582.310344827},"point_estimate":4573705.829805108,"standard_error":4596.079951824985},"MedianAbsDev":{"confidence_interval":{"confidence_level":0.95,"lower_bound":30684.293447711134,"upper_bound":50329.15153542685},"point_estimate":41004.67257346387,"standard_error":5011.0904627618065},"Slope":{"confidence_interval":{"confidence_level":0.95,"lower_bound":4568421.581912368,"upper_bound":4587179.672808169},"point_estimate":4577087.01021132,"standard_error":4794.572638968309},"StdDev":{"confidence_interval":{"confidence_level":0.95,"lower_bound":45598.84540612808,"upper_bound":300845.5504187083},"point_estimate":189277.90607286952,"standard_error":70075.8927760925}}