{"Mean":{"confidence_interval":{"confidence_level":0.95,"lower_bound":4601177.582035878,"upper_bound":4661378.04342036},"point_estimate":4629563.723567381,"standard_error":15364.651674591814},"Median":{"confidence_interval":{"confidence_level":0.95,"lower_bound":4560293.02889096,"upper_bound":4638115.865384616},"point_estimate":4589583.619032258,"standard_error":22656.78236618232},"MedianAbsDev":{"confidence_interval":{"confidence_level":0.95,"lower_bound":79447.22255285173,"upper_bound":140876.92939503895},"point_estimate":113198.77858540794,"standard_error":16021.959045649346},"Slope":{"confidence_interval":{"confidence_level":0.95,"lower_bound":4557081.505024143,"upper_bound":4591061.663787366},"point_estimate":4572959.312986553,"standard_error":8643.23292923378},"StdDev":{"confidence_interval":{"confidence_level":0.95,"lower_bound":107396.92002175057,"upper_bound":206017.99289776068},"point_estimate":154275.73971291794,"standard_error":26726.41707851925}}