{"Mean":{"confidence_interval":{"confidence_level":0.95,"lower_bound":4714399.674001319,"upper_bound":4767005.8286973955},"point_estimate":4737976.797557736,"standard_error":13547.167317532816},"Median":{"confidence_interval":{"confidence_level":0.95,"lower_bound":4714139.660714285,"upper_bound":4733164.78125},"point_estimate":4725208.647727273,"standard_error":4435.573055592513},"MedianAbsDev":{"confidence_interval":{"confidence_level":0.95,"lower_bound":37834.63384462547,"upper_bound":69718.7764261337},"point_estimate":57252.104756397806,"standard_error":7850.569414050908},"Slope":{"confidence_interval":{"confidence_level":0.95,"lower_bound":4708007.870045294,"upper_bound":4745829.255948854},"point_estimate":4725762.575776563,"standard_error":9657.485745016971},"StdDev":{"confidence_interval":{"confidence_level":0.95,"lower_bound":63724.9741788811,"upper_bound":195490.44524295736},"point_estimate":136017.16606378587,"standard_error":34761.141339155336}}