{"Mean":{"confidence_interval":{"confidence_level":0.95,"lower_bound":-0.012869719204640508,"upper_bound":0.018027636892298565},"point_estimate":0.0028742463146136377,"standard_error":0.007913141851618217},"Median":{"confidence_interval":{"confidence_level":0.95,"lower_bound":-0.014675000725169363,"upper_bound":0.00265139477535493},"point_estimate":-0.008473803946293712,"standard_error":0.004436598805524785}}