{"Mean":{"confidence_interval":{"confidence_level":0.95,"lower_bound":0.5549203779426101,"upper_bound":0.6869254622104505},"point_estimate":0.6193227156083019,"standard_error":0.0344074406570442},"Median":{"confidence_interval":{"confidence_level":0.95,"lower_bound":0.520924044087477,"upper_bound":0.6511441012353345},"point_estimate":0.5741780326992199,"standard_error":0.030950457254113824}}