{"Mean":{"confidence_interval":{"confidence_level":0.95,"lower_bound":-0.05416183049886492,"upper_bound":-0.02550753760604003},"point_estimate":-0.039583633712651944,"standard_error":0.007261467035775106},"Median":{"confidence_interval":{"confidence_level":0.95,"lower_bound":-0.044430829465728995,"upper_bound":-0.0288721642482348},"point_estimate":-0.033589462498399114,"standard_error":0.0035678523404672393}}