{"Mean":{"confidence_interval":{"confidence_level":0.95,"lower_bound":11482.110136399424,"upper_bound":11962.566054118706},"point_estimate":11684.480336825405,"standard_error":125.71585696803605},"Median":{"confidence_interval":{"confidence_level":0.95,"lower_bound":11417.54746835443,"upper_bound":11439.674122554661},"point_estimate":11427.573266768515,"standard_error":5.955713786071281},"MedianAbsDev":{"confidence_interval":{"confidence_level":0.95,"lower_bound":40.58841992719662,"upper_bound":80.22131496357947},"point_estimate":59.781046054035,"standard_error":10.811803803223402},"Slope":{"confidence_interval":{"confidence_level":0.95,"lower_bound":11439.666169723241,"upper_bound":11499.563156647535},"point_estimate":11467.574094011707,"standard_error":15.335492027667723},"StdDev":{"confidence_interval":{"confidence_level":0.95,"lower_bound":223.12627178335995,"upper_bound":1943.4772643878896},"point_estimate":1265.18181532484,"standard_error":456.04599857214225}}