{"Mean":{"confidence_interval":{"confidence_level":0.95,"lower_bound":15294.584346799144,"upper_bound":15878.551784330373},"point_estimate":15563.38782355566,"standard_error":149.19857423541617},"Median":{"confidence_interval":{"confidence_level":0.95,"lower_bound":15173.926425015208,"upper_bound":15444.859980139026},"point_estimate":15318.790794803452,"standard_error":71.05276174466873},"MedianAbsDev":{"confidence_interval":{"confidence_level":0.95,"lower_bound":589.7239318297065,"upper_bound":1056.941671751122},"point_estimate":780.9721836803818,"standard_error":112.1162545599299},"Slope":{"confidence_interval":{"confidence_level":0.95,"lower_bound":15198.202300597322,"upper_bound":15616.954962657652},"point_estimate":15399.532699142062,"standard_error":106.85979052343069},"StdDev":{"confidence_interval":{"confidence_level":0.95,"lower_bound":926.7186669280665,"upper_bound":2084.748218292119},"point_estimate":1496.1593182821719,"standard_error":307.86334855061585}}