{"Mean":{"confidence_interval":{"confidence_level":0.95,"lower_bound":12411.761373172314,"upper_bound":12723.27195114709},"point_estimate":12562.14379822402,"standard_error":79.6777925425122},"Median":{"confidence_interval":{"confidence_level":0.95,"lower_bound":12201.04054054054,"upper_bound":12562.246891018174},"point_estimate":12373.198788073787,"standard_error":115.166357489853},"MedianAbsDev":{"confidence_interval":{"confidence_level":0.95,"lower_bound":501.01527624033474,"upper_bound":945.4648962177326},"point_estimate":677.382139359686,"standard_error":125.1222211461497},"Slope":{"confidence_interval":{"confidence_level":0.95,"lower_bound":12414.810182260746,"upper_bound":12709.79457084185},"point_estimate":12558.035505413793,"standard_error":75.08770853551934},"StdDev":{"confidence_interval":{"confidence_level":0.95,"lower_bound":639.5991331301506,"upper_bound":941.8359219194049},"point_estimate":801.7621509705261,"standard_error":77.09908021764655}}