{"Mean":{"confidence_interval":{"confidence_level":0.95,"lower_bound":2212984.257807276,"upper_bound":2264676.063113774},"point_estimate":2235612.490285906,"standard_error":13299.539243470175},"Median":{"confidence_interval":{"confidence_level":0.95,"lower_bound":2200255.274199205,"upper_bound":2228193.837121212},"point_estimate":2215034.6469979296,"standard_error":6875.77995979673},"MedianAbsDev":{"confidence_interval":{"confidence_level":0.95,"lower_bound":40718.98971692926,"upper_bound":60978.60077428276},"point_estimate":52253.71578273132,"standard_error":5293.756241650653},"Slope":{"confidence_interval":{"confidence_level":0.95,"lower_bound":2209957.9906668924,"upper_bound":2231925.9121355973},"point_estimate":2220289.353347126,"standard_error":5614.304255500237},"StdDev":{"confidence_interval":{"confidence_level":0.95,"lower_bound":54789.7131472609,"upper_bound":200331.98080240045},"point_estimate":134377.41148897834,"standard_error":38626.67949594677}}