{"Mean":{"confidence_interval":{"confidence_level":0.95,"lower_bound":2479009.625807441,"upper_bound":2580350.9652134622},"point_estimate":2526820.921712228,"standard_error":25814.167982325864},"Median":{"confidence_interval":{"confidence_level":0.95,"lower_bound":2419033.4057971016,"upper_bound":2474581.4632199653},"point_estimate":2444623.055260831,"standard_error":13544.76599357046},"MedianAbsDev":{"confidence_interval":{"confidence_level":0.95,"lower_bound":82255.9749042444,"upper_bound":145681.33388447296},"point_estimate":108248.47883820547,"standard_error":15694.864664666255},"Slope":{"confidence_interval":{"confidence_level":0.95,"lower_bound":2548186.2378528235,"upper_bound":2717185.874689839},"point_estimate":2629616.454674154,"standard_error":43282.684988350826},"StdDev":{"confidence_interval":{"confidence_level":0.95,"lower_bound":181818.00506616157,"upper_bound":324287.7309117472},"point_estimate":259231.51551963587,"standard_error":36339.84762797273}}