{"Mean":{"confidence_interval":{"confidence_level":0.95,"lower_bound":133622.6348905456,"upper_bound":139189.56115388236},"point_estimate":136085.69398765414,"standard_error":1431.877297717599},"Median":{"confidence_interval":{"confidence_level":0.95,"lower_bound":131578.2120215311,"upper_bound":132907.4140625},"point_estimate":132171.14260517547,"standard_error":377.48986069418305},"MedianAbsDev":{"confidence_interval":{"confidence_level":0.95,"lower_bound":2842.4639202649814,"upper_bound":5891.545313754239},"point_estimate":4411.058587885229,"standard_error":774.3683064670699},"Slope":{"confidence_interval":{"confidence_level":0.95,"lower_bound":132287.19158554313,"upper_bound":133994.81806210306},"point_estimate":133064.97595611055,"standard_error":436.4584823774891},"StdDev":{"confidence_interval":{"confidence_level":0.95,"lower_bound":6641.410566032763,"upper_bound":21548.486833711322},"point_estimate":14417.058802293077,"standard_error":4024.8469461547647}}