{"Mean":{"confidence_interval":{"confidence_level":0.95,"lower_bound":132723.1628214034,"upper_bound":137604.79384214638},"point_estimate":134855.93735990627,"standard_error":1257.100043588256},"Median":{"confidence_interval":{"confidence_level":0.95,"lower_bound":131161.68796860357,"upper_bound":133470.18600171234},"point_estimate":132132.56189744017,"standard_error":598.8528474672651},"MedianAbsDev":{"confidence_interval":{"confidence_level":0.95,"lower_bound":3887.5817025814927,"upper_bound":5859.955931787505},"point_estimate":5030.1138742140965,"standard_error":501.0758492561536},"Slope":{"confidence_interval":{"confidence_level":0.95,"lower_bound":132324.32603841464,"upper_bound":134106.32695691456},"point_estimate":133214.90566683907,"standard_error":452.84249185011106},"StdDev":{"confidence_interval":{"confidence_level":0.95,"lower_bound":5703.247508275062,"upper_bound":18985.82262247735},"point_estimate":12618.177804046125,"standard_error":3646.7245682023577}}