{"Mean":{"confidence_interval":{"confidence_level":0.95,"lower_bound":0.039705368391098846,"upper_bound":0.10145558367449256},"point_estimate":0.07012653115599932,"standard_error":0.01593678574136404},"Median":{"confidence_interval":{"confidence_level":0.95,"lower_bound":0.034149026423437645,"upper_bound":0.07376557578729523},"point_estimate":0.06076443000893095,"standard_error":0.010235702454864817}}