{"Mean":{"confidence_interval":{"confidence_level":0.95,"lower_bound":0.05264025967540612,"upper_bound":0.09549130601713242},"point_estimate":0.07471396326559288,"standard_error":0.010952777537514223},"Median":{"confidence_interval":{"confidence_level":0.95,"lower_bound":0.08885475997656767,"upper_bound":0.09917530741135394},"point_estimate":0.09480884571161252,"standard_error":0.002511825726366634}}