{"Mean":{"confidence_interval":{"confidence_level":0.95,"lower_bound":-0.020893274568724605,"upper_bound":0.07028442697763117},"point_estimate":0.02526709049083875,"standard_error":0.023326740199335127},"Median":{"confidence_interval":{"confidence_level":0.95,"lower_bound":0.007843809867127849,"upper_bound":0.04389462082687601},"point_estimate":0.021450541326595962,"standard_error":0.009059004284510744}}