{"Mean":{"confidence_interval":{"confidence_level":0.95,"lower_bound":-0.01979830879201495,"upper_bound":0.026593082420184655},"point_estimate":0.003308990678381196,"standard_error":0.011712904663688312},"Median":{"confidence_interval":{"confidence_level":0.95,"lower_bound":-0.00032335363775537473,"upper_bound":0.044121982353951594},"point_estimate":0.03247456015195116,"standard_error":0.009817264014896139}}