{"Mean":{"confidence_interval":{"confidence_level":0.95,"lower_bound":-0.056235636695285064,"upper_bound":-0.014008636381541874},"point_estimate":-0.03798905462650681,"standard_error":0.01083095950696826},"Median":{"confidence_interval":{"confidence_level":0.95,"lower_bound":-0.0443667254520177,"upper_bound":-0.034150555952442097},"point_estimate":-0.03771889920649052,"standard_error":0.0026644901005622376}}