{"Mean":{"confidence_interval":{"confidence_level":0.95,"lower_bound":3106163.2320875674,"upper_bound":3258283.3062553476},"point_estimate":3177792.274537577,"standard_error":38879.304947310346},"Median":{"confidence_interval":{"confidence_level":0.95,"lower_bound":3049109.552238806,"upper_bound":3117117.975609756},"point_estimate":3084149.2977995835,"standard_error":18513.1687460154},"MedianAbsDev":{"confidence_interval":{"confidence_level":0.95,"lower_bound":110968.23348780224,"upper_bound":206957.67044904653},"point_estimate":138882.81179112854,"standard_error":23495.163188292056},"Slope":{"confidence_interval":{"confidence_level":0.95,"lower_bound":3133851.4860097156,"upper_bound":3348678.7327172137},"point_estimate":3233880.974612088,"standard_error":54959.01557868684},"StdDev":{"confidence_interval":{"confidence_level":0.95,"lower_bound":270273.3955787079,"upper_bound":490240.2497247934},"point_estimate":391570.5970538494,"standard_error":55898.34293917903}}