{"Mean":{"confidence_interval":{"confidence_level":0.95,"lower_bound":2327989.973102742,"upper_bound":2403448.248598434},"point_estimate":2362403.541409262,"standard_error":19294.794280080292},"Median":{"confidence_interval":{"confidence_level":0.95,"lower_bound":2294566.3333333335,"upper_bound":2317689.575},"point_estimate":2301921.049145299,"standard_error":5941.590859735465},"MedianAbsDev":{"confidence_interval":{"confidence_level":0.95,"lower_bound":34045.26527658236,"upper_bound":63181.91728522284},"point_estimate":42466.34999991799,"standard_error":7798.1228146289095},"Slope":{"confidence_interval":{"confidence_level":0.95,"lower_bound":2299546.06755103,"upper_bound":2321353.6585668544},"point_estimate":2309767.748095168,"standard_error":5559.130780874862},"StdDev":{"confidence_interval":{"confidence_level":0.95,"lower_bound":112420.01206688612,"upper_bound":262977.88745443226},"point_estimate":194526.59083589847,"standard_error":38412.04527336953}}