{"Mean":{"confidence_interval":{"confidence_level":0.95,"lower_bound":68031.76092894233,"upper_bound":69509.70224265706},"point_estimate":68682.56941815643,"standard_error":381.31745083608865},"Median":{"confidence_interval":{"confidence_level":0.95,"lower_bound":67426.96105303911,"upper_bound":67612.03466666667},"point_estimate":67497.5725925926,"standard_error":48.08385352239334},"MedianAbsDev":{"confidence_interval":{"confidence_level":0.95,"lower_bound":326.0846467062412,"upper_bound":720.6006706255833},"point_estimate":485.7313801765485,"standard_error":104.10191822932154},"Slope":{"confidence_interval":{"confidence_level":0.95,"lower_bound":67661.77560713251,"upper_bound":68369.61427291878},"point_estimate":67981.02132052608,"standard_error":181.43189797265168},"StdDev":{"confidence_interval":{"confidence_level":0.95,"lower_bound":1752.097946363012,"upper_bound":5758.880829531154},"point_estimate":3842.676280404969,"standard_error":1099.7897197382165}}