{"Mean":{"confidence_interval":{"confidence_level":0.95,"lower_bound":90783.24392760817,"upper_bound":94578.46636611765},"point_estimate":92584.95944199877,"standard_error":968.8614646980573},"Median":{"confidence_interval":{"confidence_level":0.95,"lower_bound":89029.12794612795,"upper_bound":92655.3044795784},"point_estimate":91056.02946127945,"standard_error":768.0313596916225},"MedianAbsDev":{"confidence_interval":{"confidence_level":0.95,"lower_bound":5563.458751242296,"upper_bound":8326.347481654378},"point_estimate":7070.342864281437,"standard_error":703.1695924181279},"Slope":{"confidence_interval":{"confidence_level":0.95,"lower_bound":92982.57159299566,"upper_bound":98249.10357183023},"point_estimate":95480.31418461249,"standard_error":1345.3556360680386},"StdDev":{"confidence_interval":{"confidence_level":0.95,"lower_bound":6781.857764171733,"upper_bound":12860.273799989787},"point_estimate":9729.117207087396,"standard_error":1612.7427490739267}}