{"Mean":{"confidence_interval":{"confidence_level":0.95,"lower_bound":3472259.6272180565,"upper_bound":3651550.465171851},"point_estimate":3557237.37325012,"standard_error":45876.514847079656},"Median":{"confidence_interval":{"confidence_level":0.95,"lower_bound":3375234.680412371,"upper_bound":3483047.008456083},"point_estimate":3428579.807823129,"standard_error":28569.512764695155},"MedianAbsDev":{"confidence_interval":{"confidence_level":0.95,"lower_bound":155659.54004278014,"upper_bound":275563.7239863372},"point_estimate":209528.29608833318,"standard_error":30713.275966337813},"Slope":{"confidence_interval":{"confidence_level":0.95,"lower_bound":3427279.926187897,"upper_bound":3566506.868371531},"point_estimate":3488110.442970297,"standard_error":35659.710564442044},"StdDev":{"confidence_interval":{"confidence_level":0.95,"lower_bound":333626.49197313073,"upper_bound":576423.7501324469},"point_estimate":461762.8856322707,"standard_error":62500.58722598461}}