{"Mean":{"confidence_interval":{"confidence_level":0.95,"lower_bound":60930.58827224084,"upper_bound":63500.346326065446},"point_estimate":62112.256981101986,"standard_error":659.3095944240546},"Median":{"confidence_interval":{"confidence_level":0.95,"lower_bound":59231.4930876148,"upper_bound":60247.52},"point_estimate":59786.0074879227,"standard_error":267.41088232342895},"MedianAbsDev":{"confidence_interval":{"confidence_level":0.95,"lower_bound":1069.7156504163618,"upper_bound":2571.614988154457},"point_estimate":1741.3869902202716,"standard_error":398.4572138991653},"Slope":{"confidence_interval":{"confidence_level":0.95,"lower_bound":60301.59069950387,"upper_bound":61486.13689259949},"point_estimate":60867.67902389045,"standard_error":302.7941038063362},"StdDev":{"confidence_interval":{"confidence_level":0.95,"lower_bound":3867.5911211283446,"upper_bound":8927.349093904684},"point_estimate":6602.249578198064,"standard_error":1294.3226474906144}}