{"Mean":{"confidence_interval":{"confidence_level":0.95,"lower_bound":60397.67923537271,"upper_bound":65059.61312406043},"point_estimate":62638.24338705465,"standard_error":1194.1460828758284},"Median":{"confidence_interval":{"confidence_level":0.95,"lower_bound":55580.35331632653,"upper_bound":58900.03991596639},"point_estimate":58042.97616093584,"standard_error":903.0972684459842},"MedianAbsDev":{"confidence_interval":{"confidence_level":0.95,"lower_bound":3165.34193638417,"upper_bound":7828.40285360856},"point_estimate":6525.978622276968,"standard_error":1271.1507153256941},"Slope":{"confidence_interval":{"confidence_level":0.95,"lower_bound":57482.40712969449,"upper_bound":64300.74766898005},"point_estimate":60600.95962971564,"standard_error":1748.9130773000118},"StdDev":{"confidence_interval":{"confidence_level":0.95,"lower_bound":9536.312301257043,"upper_bound":14077.19920057254},"point_estimate":12016.579869004627,"standard_error":1160.746490460621}}