{"Mean":{"confidence_interval":{"confidence_level":0.95,"lower_bound":55519.839718590694,"upper_bound":56878.04351886618},"point_estimate":56134.606668303895,"standard_error":347.2052898810176},"Median":{"confidence_interval":{"confidence_level":0.95,"lower_bound":54841.17265976158,"upper_bound":55714.24705882353},"point_estimate":55121.084187045606,"standard_error":233.42302354348413},"MedianAbsDev":{"confidence_interval":{"confidence_level":0.95,"lower_bound":1104.7913033915252,"upper_bound":2130.816254414212},"point_estimate":1419.7829898194261,"standard_error":275.7643539673838},"Slope":{"confidence_interval":{"confidence_level":0.95,"lower_bound":55475.69450504965,"upper_bound":56362.06589413658},"point_estimate":55916.98188596911,"standard_error":226.3178824181191},"StdDev":{"confidence_interval":{"confidence_level":0.95,"lower_bound":1864.8533935292828,"upper_bound":4990.2669682484},"point_estimate":3479.5198529525323,"standard_error":824.9787378218252}}