{"Mean":{"confidence_interval":{"confidence_level":0.95,"lower_bound":0.38902404705746535,"upper_bound":0.47112310481517544},"point_estimate":0.4314923748285957,"standard_error":0.021191775222162604},"Median":{"confidence_interval":{"confidence_level":0.95,"lower_bound":0.3509122684802197,"upper_bound":0.4227394372419442},"point_estimate":0.37869299442936244,"standard_error":0.021137616744176444}}