{"Mean":{"confidence_interval":{"confidence_level":0.95,"lower_bound":-0.2615470625647007,"upper_bound":-0.23273118206208646},"point_estimate":-0.24778587601906354,"standard_error":0.007340111794642261},"Median":{"confidence_interval":{"confidence_level":0.95,"lower_bound":-0.2574401633536705,"upper_bound":-0.2435988260863553},"point_estimate":-0.251321879118357,"standard_error":0.003453709122984467}}