{"Mean":{"confidence_interval":{"confidence_level":0.95,"lower_bound":220584.9830494053,"upper_bound":225944.36595148145},"point_estimate":222841.1709050714,"standard_error":1384.0277374250531},"Median":{"confidence_interval":{"confidence_level":0.95,"lower_bound":219131.19130434783,"upper_bound":219759.97910447762},"point_estimate":219438.30129371336,"standard_error":145.94972132813254},"MedianAbsDev":{"confidence_interval":{"confidence_level":0.95,"lower_bound":859.5935948822984,"upper_bound":1601.3794589698286},"point_estimate":1086.919105392322,"standard_error":176.90594498029566},"Slope":{"confidence_interval":{"confidence_level":0.95,"lower_bound":219396.82698951924,"upper_bound":220935.67038091936},"point_estimate":220039.11169971921,"standard_error":398.30238794695333},"StdDev":{"confidence_interval":{"confidence_level":0.95,"lower_bound":5090.661194020971,"upper_bound":21780.29572234829},"point_estimate":13945.960933550126,"standard_error":4741.531052153472}}