{"Mean":{"confidence_interval":{"confidence_level":0.95,"lower_bound":3145213.520028591,"upper_bound":3212889.636852163},"point_estimate":3176088.414182341,"standard_error":17362.07842203554},"Median":{"confidence_interval":{"confidence_level":0.95,"lower_bound":3120755.2741935486,"upper_bound":3162659.963369963},"point_estimate":3142719.5874677002,"standard_error":11108.254534333579},"MedianAbsDev":{"confidence_interval":{"confidence_level":0.95,"lower_bound":53433.34442681979,"upper_bound":87257.51830883187},"point_estimate":68704.29992955817,"standard_error":8578.090261624548},"Slope":{"confidence_interval":{"confidence_level":0.95,"lower_bound":3137106.372888254,"upper_bound":3162303.6172773037},"point_estimate":3149414.750731491,"standard_error":6443.908167464899},"StdDev":{"confidence_interval":{"confidence_level":0.95,"lower_bound":95860.1293882041,"upper_bound":235891.90786410877},"point_estimate":173773.43740465675,"standard_error":35568.15089159419}}