{"Mean":{"confidence_interval":{"confidence_level":0.95,"lower_bound":13239.536783968711,"upper_bound":13521.552911262412},"point_estimate":13371.17290063046,"standard_error":72.13694899949974},"Median":{"confidence_interval":{"confidence_level":0.95,"lower_bound":13070.264640474426,"upper_bound":13273.5423815621},"point_estimate":13195.71469741526,"standard_error":49.42939794210047},"MedianAbsDev":{"confidence_interval":{"confidence_level":0.95,"lower_bound":284.0393090653527,"upper_bound":486.7877417695931},"point_estimate":409.73573622923,"standard_error":52.13642745229651},"Slope":{"confidence_interval":{"confidence_level":0.95,"lower_bound":13249.26881966953,"upper_bound":13436.98659832011},"point_estimate":13341.79300053907,"standard_error":47.7319764534105},"StdDev":{"confidence_interval":{"confidence_level":0.95,"lower_bound":483.5343801758177,"upper_bound":930.215728938151},"point_estimate":724.6950728495669,"standard_error":114.5238644704904}}