{"Mean":{"confidence_interval":{"confidence_level":0.95,"lower_bound":2860230.3067907677,"upper_bound":2946992.8997686864},"point_estimate":2898533.4592643855,"standard_error":22339.300865970956},"Median":{"confidence_interval":{"confidence_level":0.95,"lower_bound":2843363.759066731,"upper_bound":2861640.78125},"point_estimate":2856115.5526819928,"standard_error":4686.452133771085},"MedianAbsDev":{"confidence_interval":{"confidence_level":0.95,"lower_bound":35635.39498332702,"upper_bound":65712.35505884711},"point_estimate":50750.52055986759,"standard_error":8146.756798954382},"Slope":{"confidence_interval":{"confidence_level":0.95,"lower_bound":2837818.3513565534,"upper_bound":2876735.962061615},"point_estimate":2854483.976166691,"standard_error":10013.161958014342},"StdDev":{"confidence_interval":{"confidence_level":0.95,"lower_bound":76404.48593639824,"upper_bound":326854.30783439835},"point_estimate":224362.95545372996,"standard_error":61602.88492920619}}