{"Mean":{"confidence_interval":{"confidence_level":0.95,"lower_bound":2695822.18713128,"upper_bound":2741434.9146910314},"point_estimate":2717374.5482098935,"standard_error":11657.838526576279},"Median":{"confidence_interval":{"confidence_level":0.95,"lower_bound":2667749.9506802717,"upper_bound":2696608.2346739285},"point_estimate":2679862.8599383077,"standard_error":7637.324175565292},"MedianAbsDev":{"confidence_interval":{"confidence_level":0.95,"lower_bound":40463.81834497437,"upper_bound":77254.56194929061},"point_estimate":53472.78110923882,"standard_error":9358.89973209479},"Slope":{"confidence_interval":{"confidence_level":0.95,"lower_bound":2680769.1384323468,"upper_bound":2722448.246773756},"point_estimate":2700164.0717925224,"standard_error":10677.467018231859},"StdDev":{"confidence_interval":{"confidence_level":0.95,"lower_bound":82445.5979871573,"upper_bound":151060.80436797306},"point_estimate":117345.12302440578,"standard_error":17673.083326863052}}