{"Mean":{"confidence_interval":{"confidence_level":0.95,"lower_bound":2744527.6870077658,"upper_bound":2821526.052291782},"point_estimate":2778002.163454294,"standard_error":19866.769949275917},"Median":{"confidence_interval":{"confidence_level":0.95,"lower_bound":2733665.2237903224,"upper_bound":2761493.88277027},"point_estimate":2750568.7214285713,"standard_error":7927.2295929290385},"MedianAbsDev":{"confidence_interval":{"confidence_level":0.95,"lower_bound":40028.16510268448,"upper_bound":71857.1953184001},"point_estimate":53627.82402421139,"standard_error":7776.162792289699},"Slope":{"confidence_interval":{"confidence_level":0.95,"lower_bound":2733925.2848912063,"upper_bound":2762261.6201405837},"point_estimate":2747647.796855327,"standard_error":7230.487034644199},"StdDev":{"confidence_interval":{"confidence_level":0.95,"lower_bound":57840.78802839577,"upper_bound":296064.6277677229},"point_estimate":199262.74934556003,"standard_error":58058.35067072196}}