{"Mean":{"confidence_interval":{"confidence_level":0.95,"lower_bound":2676417.2467812113,"upper_bound":2708531.0903682285},"point_estimate":2691865.864198527,"standard_error":8200.066429837378},"Median":{"confidence_interval":{"confidence_level":0.95,"lower_bound":2674944.951807229,"upper_bound":2704949.382352941},"point_estimate":2685982.4235294117,"standard_error":7826.183222554053},"MedianAbsDev":{"confidence_interval":{"confidence_level":0.95,"lower_bound":48023.15520241863,"upper_bound":86394.27638252566},"point_estimate":64670.279380500586,"standard_error":10024.234011801844},"Slope":{"confidence_interval":{"confidence_level":0.95,"lower_bound":2677557.778549706,"upper_bound":2706578.1521354904},"point_estimate":2691940.1183301318,"standard_error":7439.162222576446},"StdDev":{"confidence_interval":{"confidence_level":0.95,"lower_bound":62658.322496621724,"upper_bound":103592.45207927884},"point_estimate":82566.28439373146,"standard_error":10642.510312127955}}