{"Mean":{"confidence_interval":{"confidence_level":0.95,"lower_bound":0.6687894654984257,"upper_bound":0.8159896686904589},"point_estimate":0.7413953831174811,"standard_error":0.03819790867482373},"Median":{"confidence_interval":{"confidence_level":0.95,"lower_bound":0.588664951122253,"upper_bound":0.6847689748731223},"point_estimate":0.6309501194123073,"standard_error":0.027608717922386495}}