{"Mean":{"confidence_interval":{"confidence_level":0.95,"lower_bound":-0.027068615050735153,"upper_bound":0.007283011496639971},"point_estimate":-0.008115871973696898,"standard_error":0.0088103636744908},"Median":{"confidence_interval":{"confidence_level":0.95,"lower_bound":-0.010418832210487117,"upper_bound":0.00676042619315607},"point_estimate":-0.0026741056059061963,"standard_error":0.004530832172450172}}