{"Mean":{"confidence_interval":{"confidence_level":0.95,"lower_bound":-0.04813791508735227,"upper_bound":-0.02351521829967107},"point_estimate":-0.03676274690193826,"standard_error":0.006259218411659832},"Median":{"confidence_interval":{"confidence_level":0.95,"lower_bound":-0.04299350888100428,"upper_bound":-0.03187481646485224},"point_estimate":-0.03715282603602987,"standard_error":0.002921453291645665}}