{"Mean":{"confidence_interval":{"confidence_level":0.95,"lower_bound":-0.3469512011048586,"upper_bound":-0.31120507849316215},"point_estimate":-0.3285199293042532,"standard_error":0.009098557822222061},"Median":{"confidence_interval":{"confidence_level":0.95,"lower_bound":-0.30133116587744835,"upper_bound":-0.2953449609007063},"point_estimate":-0.29754876458881485,"standard_error":0.0015490482071588469}}