{"Mean":{"confidence_interval":{"confidence_level":0.95,"lower_bound":-0.27977598547240135,"upper_bound":-0.15871402439496982},"point_estimate":-0.21979167116328313,"standard_error":0.03097181884731323},"Median":{"confidence_interval":{"confidence_level":0.95,"lower_bound":-0.11606253202809225,"upper_bound":-0.03771639527893533},"point_estimate":-0.051551248887216405,"standard_error":0.022734840189549306}}