{"Mean":{"confidence_interval":{"confidence_level":0.95,"lower_bound":-0.25034632224874453,"upper_bound":-0.22352329041530078},"point_estimate":-0.23659218445946795,"standard_error":0.006835588103294207},"Median":{"confidence_interval":{"confidence_level":0.95,"lower_bound":-0.2504035340496802,"upper_bound":-0.2386385119253981},"point_estimate":-0.24440080636489392,"standard_error":0.003025461828958825}}