{"Mean":{"confidence_interval":{"confidence_level":0.95,"lower_bound":-0.05336703644533577,"upper_bound":0.024911158008959693},"point_estimate":-0.016855972679373332,"standard_error":0.019794316840886055},"Median":{"confidence_interval":{"confidence_level":0.95,"lower_bound":-0.1068769293843741,"upper_bound":-0.06039274138151207},"point_estimate":-0.09587862900950694,"standard_error":0.012027721512267203}}