{"Mean":{"confidence_interval":{"confidence_level":0.95,"lower_bound":-0.02005014599113077,"upper_bound":0.003531012621004459},"point_estimate":-0.008318924719354803,"standard_error":0.005994643735024344},"Median":{"confidence_interval":{"confidence_level":0.95,"lower_bound":0.0031155097786743635,"upper_bound":0.008770414613366473},"point_estimate":0.007121388759171676,"standard_error":0.001495236178866012}}