{"Mean":{"confidence_interval":{"confidence_level":0.95,"lower_bound":0.018041868882381802,"upper_bound":0.05395730334686714},"point_estimate":0.03376188942177416,"standard_error":0.00923349931110674},"Median":{"confidence_interval":{"confidence_level":0.95,"lower_bound":0.010350616955112857,"upper_bound":0.026122787280487225},"point_estimate":0.019374083730134162,"standard_error":0.004205075377268472}}