{"Mean":{"confidence_interval":{"confidence_level":0.95,"lower_bound":-0.19122965772385386,"upper_bound":-0.12283251924085237},"point_estimate":-0.15596165465830725,"standard_error":0.01752807366466385},"Median":{"confidence_interval":{"confidence_level":0.95,"lower_bound":-0.11909296347113886,"upper_bound":-0.07191767574179897},"point_estimate":-0.08414381601433596,"standard_error":0.012677549508890386}}