{"Mean":{"confidence_interval":{"confidence_level":0.95,"lower_bound":0.04102118898398949,"upper_bound":0.06961291821157578},"point_estimate":0.05473616578634566,"standard_error":0.007235005052283298},"Median":{"confidence_interval":{"confidence_level":0.95,"lower_bound":0.0462800314277243,"upper_bound":0.0703378874291456},"point_estimate":0.053246575397342566,"standard_error":0.006361207039257199}}