{"Mean":{"confidence_interval":{"confidence_level":0.95,"lower_bound":-0.029781312535338868,"upper_bound":-0.003746078730384128},"point_estimate":-0.016856709925021862,"standard_error":0.006650660609935472},"Median":{"confidence_interval":{"confidence_level":0.95,"lower_bound":-0.030083984623000326,"upper_bound":-0.01936394207485098},"point_estimate":-0.024208594183826704,"standard_error":0.0026059509498054653}}