{"Mean":{"confidence_interval":{"confidence_level":0.95,"lower_bound":-0.0625429327912882,"upper_bound":-0.034602887887221455},"point_estimate":-0.04921427749552376,"standard_error":0.00696587904399172},"Median":{"confidence_interval":{"confidence_level":0.95,"lower_bound":-0.055945292252820855,"upper_bound":-0.0467996762042302},"point_estimate":-0.05111413256370412,"standard_error":0.002258697346136967}}