{"Mean":{"confidence_interval":{"confidence_level":0.95,"lower_bound":-0.01635879479151434,"upper_bound":0.047220922146548445},"point_estimate":0.017716571976380102,"standard_error":0.016328257206753315},"Median":{"confidence_interval":{"confidence_level":0.95,"lower_bound":-0.025149218536210105,"upper_bound":0.012131478626490333},"point_estimate":-0.007247087687887954,"standard_error":0.009766706250518103}}