{"Mean":{"confidence_interval":{"confidence_level":0.95,"lower_bound":-0.08546613657381104,"upper_bound":-0.019601436428184578},"point_estimate":-0.051164619902820396,"standard_error":0.016829090853548303},"Median":{"confidence_interval":{"confidence_level":0.95,"lower_bound":-0.03017201814246151,"upper_bound":-0.008814644892995606},"point_estimate":-0.020790120385878352,"standard_error":0.0055652489371738134}}