{"Mean":{"confidence_interval":{"confidence_level":0.95,"lower_bound":-0.004805796975820594,"upper_bound":0.03635038056218647},"point_estimate":0.013563537517253588,"standard_error":0.010461704775128878},"Median":{"confidence_interval":{"confidence_level":0.95,"lower_bound":-0.004810223124368642,"upper_bound":0.027502948561514806},"point_estimate":0.014584306826274318,"standard_error":0.007923326869275372}}