{"Mean":{"confidence_interval":{"confidence_level":0.95,"lower_bound":-0.04213777812999735,"upper_bound":0.00028778090808928206},"point_estimate":-0.019735938167482092,"standard_error":0.010871405265331383},"Median":{"confidence_interval":{"confidence_level":0.95,"lower_bound":-0.028350606408096835,"upper_bound":0.003963012154730502},"point_estimate":-0.014875019858824667,"standard_error":0.008189116053626305}}