{"Mean":{"confidence_interval":{"confidence_level":0.95,"lower_bound":-0.0033489753392266955,"upper_bound":0.030094140354335726},"point_estimate":0.012375613181187628,"standard_error":0.00868779885499185},"Median":{"confidence_interval":{"confidence_level":0.95,"lower_bound":-0.0031121963542217745,"upper_bound":0.018897423880099407},"point_estimate":0.008429218791053739,"standard_error":0.005723608359379079}}