{"Mean":{"confidence_interval":{"confidence_level":0.95,"lower_bound":-0.055818121119189996,"upper_bound":-0.024653308513454597},"point_estimate":-0.040087990522834294,"standard_error":0.00791493797474929},"Median":{"confidence_interval":{"confidence_level":0.95,"lower_bound":-0.052724056217676285,"upper_bound":-0.03794459109133941},"point_estimate":-0.045199843190785516,"standard_error":0.0037454619725388514}}