{"Mean":{"confidence_interval":{"confidence_level":0.95,"lower_bound":-0.009763236218963483,"upper_bound":0.028821692538272343},"point_estimate":0.009311282087976158,"standard_error":0.009681803557379277},"Median":{"confidence_interval":{"confidence_level":0.95,"lower_bound":-0.01792587990307848,"upper_bound":0.028715462803433622},"point_estimate":0.004976960793861673,"standard_error":0.012134625434226984}}