{"Mean":{"confidence_interval":{"confidence_level":0.95,"lower_bound":-0.027925266104012487,"upper_bound":0.01807150762948522},"point_estimate":-0.003782522361072904,"standard_error":0.011768415974079294},"Median":{"confidence_interval":{"confidence_level":0.95,"lower_bound":-0.007361364390984337,"upper_bound":0.02711063091819854},"point_estimate":0.010765277514519056,"standard_error":0.008559608734551458}}