{"Mean":{"confidence_interval":{"confidence_level":0.95,"lower_bound":-0.02646504081742284,"upper_bound":0.00967554028493187},"point_estimate":-0.008229377812933758,"standard_error":0.009231554776498537},"Median":{"confidence_interval":{"confidence_level":0.95,"lower_bound":-0.009465407614119403,"upper_bound":0.00703214669625396},"point_estimate":-0.0017667222320841836,"standard_error":0.00416910467107896}}