{"Mean":{"confidence_interval":{"confidence_level":0.95,"lower_bound":4215535.699870488,"upper_bound":4383214.822556128},"point_estimate":4300592.6655112235,"standard_error":42881.89856642486},"Median":{"confidence_interval":{"confidence_level":0.95,"lower_bound":4355589.390625,"upper_bound":4482154.06741573},"point_estimate":4436865.717424242,"standard_error":29503.5552931981},"MedianAbsDev":{"confidence_interval":{"confidence_level":0.95,"lower_bound":156592.03585926353,"upper_bound":345948.3421485163},"point_estimate":192782.97417695812,"standard_error":50022.20270597131},"Slope":{"confidence_interval":{"confidence_level":0.95,"lower_bound":4385774.828969539,"upper_bound":4565663.790591759},"point_estimate":4475784.387045958,"standard_error":45679.255632235254},"StdDev":{"confidence_interval":{"confidence_level":0.95,"lower_bound":362986.9539237555,"upper_bound":490742.9570740482},"point_estimate":431028.1830352878,"standard_error":32627.50557390964}}