{"Mean":{"confidence_interval":{"confidence_level":0.95,"lower_bound":2658540.3489586143,"upper_bound":2710197.579374131},"point_estimate":2681676.0009936877,"standard_error":13243.858387279726},"Median":{"confidence_interval":{"confidence_level":0.95,"lower_bound":2639108.909090909,"upper_bound":2646816.3504464286},"point_estimate":2642547.324228335,"standard_error":2110.1269699477284},"MedianAbsDev":{"confidence_interval":{"confidence_level":0.95,"lower_bound":9419.31417658134,"upper_bound":19233.340284855305},"point_estimate":13141.621064357045,"standard_error":2467.7693929264246},"Slope":{"confidence_interval":{"confidence_level":0.95,"lower_bound":2644513.099567684,"upper_bound":2672921.557049051},"point_estimate":2656480.850793557,"standard_error":7367.381552211557},"StdDev":{"confidence_interval":{"confidence_level":0.95,"lower_bound":68819.2666607265,"upper_bound":186364.56474458345},"point_estimate":133776.44710526368,"standard_error":29982.344095003995}}