{"Mean":{"confidence_interval":{"confidence_level":0.95,"lower_bound":2656874.8049252424,"upper_bound":2696076.2859310256},"point_estimate":2675914.00269694,"standard_error":10003.418433356892},"Median":{"confidence_interval":{"confidence_level":0.95,"lower_bound":2625089.64516129,"upper_bound":2677932.1341463416},"point_estimate":2647344.8620689656,"standard_error":13535.564307902645},"MedianAbsDev":{"confidence_interval":{"confidence_level":0.95,"lower_bound":56673.10064253108,"upper_bound":103013.19584659646},"point_estimate":81127.68930777263,"standard_error":11602.580058920787},"Slope":{"confidence_interval":{"confidence_level":0.95,"lower_bound":2627080.2487772373,"upper_bound":2651192.616326431},"point_estimate":2638002.074901729,"standard_error":6140.9103709264145},"StdDev":{"confidence_interval":{"confidence_level":0.95,"lower_bound":81800.5825275066,"upper_bound":117425.53258540586},"point_estimate":100716.66961685584,"standard_error":9110.471360682142}}