{"Mean":{"confidence_interval":{"confidence_level":0.95,"lower_bound":7361654.388661581,"upper_bound":7454075.201829514},"point_estimate":7398100.090484969,"standard_error":24404.0642223997},"Median":{"confidence_interval":{"confidence_level":0.95,"lower_bound":7353044.645663956,"upper_bound":7372003.890447762},"point_estimate":7363350.948073987,"standard_error":5585.798600557317},"MedianAbsDev":{"confidence_interval":{"confidence_level":0.95,"lower_bound":31675.050485550477,"upper_bound":57731.73675783815},"point_estimate":44790.19237214028,"standard_error":6949.485243971522},"Slope":{"confidence_interval":{"confidence_level":0.95,"lower_bound":7367689.999812147,"upper_bound":7382130.008463038},"point_estimate":7374863.223118073,"standard_error":3674.5466710396167},"StdDev":{"confidence_interval":{"confidence_level":0.95,"lower_bound":47475.69620005188,"upper_bound":403637.33914689824},"point_estimate":245948.28474780993,"standard_error":105470.97194631452}}