{"Mean":{"confidence_interval":{"confidence_level":0.95,"lower_bound":6484420.246507628,"upper_bound":6568305.397504668},"point_estimate":6521301.061538638,"standard_error":21567.86051538043},"Median":{"confidence_interval":{"confidence_level":0.95,"lower_bound":6433461.808510638,"upper_bound":6469801.30827957},"point_estimate":6449330.97979798,"standard_error":9388.51276198342},"MedianAbsDev":{"confidence_interval":{"confidence_level":0.95,"lower_bound":45789.58777331356,"upper_bound":107257.94239117549},"point_estimate":70691.82201593705,"standard_error":15088.265478203217},"Slope":{"confidence_interval":{"confidence_level":0.95,"lower_bound":6460020.137165826,"upper_bound":6503903.3186901985},"point_estimate":6480438.864740653,"standard_error":11213.704602851056},"StdDev":{"confidence_interval":{"confidence_level":0.95,"lower_bound":116284.03527400219,"upper_bound":324236.7676477427},"point_estimate":217433.86544329085,"standard_error":62874.78084857426}}