{"Mean":{"confidence_interval":{"confidence_level":0.95,"lower_bound":6609586.342577397,"upper_bound":6724588.26657262},"point_estimate":6663936.215115313,"standard_error":29483.94266942642},"Median":{"confidence_interval":{"confidence_level":0.95,"lower_bound":6522539.80952381,"upper_bound":6619365.544430919},"point_estimate":6558637.858870968,"standard_error":24781.907409802014},"MedianAbsDev":{"confidence_interval":{"confidence_level":0.95,"lower_bound":82605.40919821049,"upper_bound":175615.99584774874},"point_estimate":129525.92667255229,"standard_error":24364.729420386717},"Slope":{"confidence_interval":{"confidence_level":0.95,"lower_bound":6625857.744212717,"upper_bound":6813766.726153371},"point_estimate":6712297.132886065,"standard_error":48294.82507708545},"StdDev":{"confidence_interval":{"confidence_level":0.95,"lower_bound":208876.51931367908,"upper_bound":368482.15517515736},"point_estimate":296797.4869498737,"standard_error":40734.151726568925}}