{"Mean":{"confidence_interval":{"confidence_level":0.95,"lower_bound":7724068.053630693,"upper_bound":7848279.790402369},"point_estimate":7777971.110877373,"standard_error":32057.59158080125},"Median":{"confidence_interval":{"confidence_level":0.95,"lower_bound":7689715.74137931,"upper_bound":7712024.674418605},"point_estimate":7698519.458482578,"standard_error":5348.378669039137},"MedianAbsDev":{"confidence_interval":{"confidence_level":0.95,"lower_bound":45619.5532369054,"upper_bound":79904.06464845022},"point_estimate":60548.916619447555,"standard_error":8701.528815957377},"Slope":{"confidence_interval":{"confidence_level":0.95,"lower_bound":7714158.513868159,"upper_bound":7799107.56094731},"point_estimate":7747346.75598936,"standard_error":22405.13973172481},"StdDev":{"confidence_interval":{"confidence_level":0.95,"lower_bound":92000.6867563869,"upper_bound":480471.21793463983},"point_estimate":322250.63229469274,"standard_error":96238.5074803663}}