{"Mean":{"confidence_interval":{"confidence_level":0.95,"lower_bound":2809717.2394349976,"upper_bound":2871397.599500722},"point_estimate":2837234.9469979135,"standard_error":15808.175353852428},"Median":{"confidence_interval":{"confidence_level":0.95,"lower_bound":2799877.27744186,"upper_bound":2814182.188651218},"point_estimate":2806493.251703771,"standard_error":3467.2262188438913},"MedianAbsDev":{"confidence_interval":{"confidence_level":0.95,"lower_bound":38591.159761723,"upper_bound":71529.95608724737},"point_estimate":57719.074712278605,"standard_error":8529.441464072926},"Slope":{"confidence_interval":{"confidence_level":0.95,"lower_bound":2799184.966368635,"upper_bound":2852414.556472661},"point_estimate":2823424.3658667062,"standard_error":13710.038166891667},"StdDev":{"confidence_interval":{"confidence_level":0.95,"lower_bound":85479.46750649787,"upper_bound":233827.8463673072},"point_estimate":159507.33847605105,"standard_error":41932.19075448383}}