{"Mean":{"confidence_interval":{"confidence_level":0.95,"lower_bound":3228079.219743247,"upper_bound":3329080.740192567},"point_estimate":3274135.6190310954,"standard_error":25963.2739153404},"Median":{"confidence_interval":{"confidence_level":0.95,"lower_bound":3181531.290322581,"upper_bound":3208616.3529411764},"point_estimate":3195848.592647059,"standard_error":7457.638556744322},"MedianAbsDev":{"confidence_interval":{"confidence_level":0.95,"lower_bound":35922.80149642447,"upper_bound":81315.28178636509},"point_estimate":57322.148067279064,"standard_error":11999.611328068602},"Slope":{"confidence_interval":{"confidence_level":0.95,"lower_bound":3188743.007421485,"upper_bound":3211656.180472882},"point_estimate":3199277.80961726,"standard_error":5835.233566123594},"StdDev":{"confidence_interval":{"confidence_level":0.95,"lower_bound":141978.780058079,"upper_bound":354485.8812284821},"point_estimate":261234.87221884567,"standard_error":54375.193716298476}}