{"Mean":{"confidence_interval":{"confidence_level":0.95,"lower_bound":3629602.831233796,"upper_bound":3683077.59509566},"point_estimate":3653512.663057062,"standard_error":13751.918472935708},"Median":{"confidence_interval":{"confidence_level":0.95,"lower_bound":3609666.45081529,"upper_bound":3641661.3913043477},"point_estimate":3623077.677083333,"standard_error":7691.590672901518},"MedianAbsDev":{"confidence_interval":{"confidence_level":0.95,"lower_bound":47018.03012495608,"upper_bound":71055.0198395508},"point_estimate":63006.01752425594,"standard_error":6128.6474839614175},"Slope":{"confidence_interval":{"confidence_level":0.95,"lower_bound":3617424.28269718,"upper_bound":3646470.65300304},"point_estimate":3631793.304409635,"standard_error":7436.686974987348},"StdDev":{"confidence_interval":{"confidence_level":0.95,"lower_bound":64195.694971910365,"upper_bound":201613.3102774441},"point_estimate":138225.79653482727,"standard_error":35415.99578597439}}