{"Mean":{"confidence_interval":{"confidence_level":0.95,"lower_bound":3813592.668648223,"upper_bound":3845520.4179127454},"point_estimate":3828971.4702468,"standard_error":8144.62912905508},"Median":{"confidence_interval":{"confidence_level":0.95,"lower_bound":3791547.4410958905,"upper_bound":3819612.9233058607},"point_estimate":3799491.8995215315,"standard_error":7329.71854276309},"MedianAbsDev":{"confidence_interval":{"confidence_level":0.95,"lower_bound":27924.29983757766,"upper_bound":64333.62670315259},"point_estimate":38611.4689316705,"standard_error":8832.797559952352},"Slope":{"confidence_interval":{"confidence_level":0.95,"lower_bound":3813196.461428677,"upper_bound":3846743.401447756},"point_estimate":3828763.68890498,"standard_error":8562.491906716514},"StdDev":{"confidence_interval":{"confidence_level":0.95,"lower_bound":60739.55511370941,"upper_bound":101410.06351945737},"point_estimate":81796.86216496116,"standard_error":10423.146424816776}}