{"Mean":{"confidence_interval":{"confidence_level":0.95,"lower_bound":-0.040089095774860674,"upper_bound":-0.023332952611617414},"point_estimate":-0.03147508636630725,"standard_error":0.004289414146855747},"Median":{"confidence_interval":{"confidence_level":0.95,"lower_bound":-0.036562036447406965,"upper_bound":-0.027421955309893886},"point_estimate":-0.032267601822605685,"standard_error":0.0023261270421359773}}