{"Mean":{"confidence_interval":{"confidence_level":0.95,"lower_bound":-0.010842044400182334,"upper_bound":0.010555982921547651},"point_estimate":0.00004718462769348619,"standard_error":0.005444613848374823},"Median":{"confidence_interval":{"confidence_level":0.95,"lower_bound":0.00021452149547074306,"upper_bound":0.01162130689570784},"point_estimate":0.0063659148054895365,"standard_error":0.0029915906305376795}}