{"Mean":{"confidence_interval":{"confidence_level":0.95,"lower_bound":-0.04364625242272007,"upper_bound":-0.016240434947809395},"point_estimate":-0.031659340693803606,"standard_error":0.006997387917870756},"Median":{"confidence_interval":{"confidence_level":0.95,"lower_bound":-0.05790739815880497,"upper_bound":-0.03997076476437611},"point_estimate":-0.05076934135340527,"standard_error":0.004103893602886826}}