{"Mean":{"confidence_interval":{"confidence_level":0.95,"lower_bound":-0.05922220992950833,"upper_bound":-0.026933894101197405},"point_estimate":-0.042687727602158554,"standard_error":0.008212365934894073},"Median":{"confidence_interval":{"confidence_level":0.95,"lower_bound":-0.055976781368013095,"upper_bound":-0.03772471403399369},"point_estimate":-0.04919873084125248,"standard_error":0.00464794433733156}}