{"Mean":{"confidence_interval":{"confidence_level":0.95,"lower_bound":-0.020032735560101815,"upper_bound":0.01772908872504123},"point_estimate":-0.00153178757261474,"standard_error":0.009679202545795082},"Median":{"confidence_interval":{"confidence_level":0.95,"lower_bound":-0.008690824068511394,"upper_bound":-0.0010484374755658065},"point_estimate":-0.003477049164893886,"standard_error":0.0019511326137524854}}