{"Mean":{"confidence_interval":{"confidence_level":0.95,"lower_bound":-0.04711947179757549,"upper_bound":-0.017662007707749065},"point_estimate":-0.031006563057770165,"standard_error":0.007554225410123346},"Median":{"confidence_interval":{"confidence_level":0.95,"lower_bound":-0.02937124228644702,"upper_bound":-0.013753406588898735},"point_estimate":-0.023481070440448892,"standard_error":0.004065867630848148}}