{"Mean":{"confidence_interval":{"confidence_level":0.95,"lower_bound":-0.009416312840384196,"upper_bound":0.024886584432713015},"point_estimate":0.006378200617308094,"standard_error":0.008796980813492639},"Median":{"confidence_interval":{"confidence_level":0.95,"lower_bound":-0.007393523790490186,"upper_bound":0.01504120730935865},"point_estimate":0.008520718869896804,"standard_error":0.006290394554496522}}