{"Mean":{"confidence_interval":{"confidence_level":0.95,"lower_bound":235424.65668427933,"upper_bound":246406.65124553395},"point_estimate":240314.06567026326,"standard_error":2810.4567063934624},"Median":{"confidence_interval":{"confidence_level":0.95,"lower_bound":228450.5230895916,"upper_bound":236828.90448717948},"point_estimate":234299.02613304096,"standard_error":2113.3949976299864},"MedianAbsDev":{"confidence_interval":{"confidence_level":0.95,"lower_bound":9172.392552498424,"upper_bound":18061.962078294426},"point_estimate":12783.365970690887,"standard_error":2331.85924009562},"Slope":{"confidence_interval":{"confidence_level":0.95,"lower_bound":227650.9326905321,"upper_bound":232710.63307719742},"point_estimate":229847.23874390425,"standard_error":1296.168623288194},"StdDev":{"confidence_interval":{"confidence_level":0.95,"lower_bound":14492.91270137271,"upper_bound":41472.64698165671},"point_estimate":28335.67972879131,"standard_error":7199.164188645129}}