{"Mean":{"confidence_interval":{"confidence_level":0.95,"lower_bound":221197.75709656157,"upper_bound":229255.63178273165},"point_estimate":224566.0290383279,"standard_error":2079.287827737454},"Median":{"confidence_interval":{"confidence_level":0.95,"lower_bound":219481.55964935065,"upper_bound":221433.98333333334},"point_estimate":220877.5289826303,"standard_error":501.15306658719226},"MedianAbsDev":{"confidence_interval":{"confidence_level":0.95,"lower_bound":4585.791339871128,"upper_bound":8224.033534729422},"point_estimate":7153.103035344775,"standard_error":879.5124399514165},"Slope":{"confidence_interval":{"confidence_level":0.95,"lower_bound":220492.7766089643,"upper_bound":222189.1929456059},"point_estimate":221322.7705559332,"standard_error":434.227399523062},"StdDev":{"confidence_interval":{"confidence_level":0.95,"lower_bound":7833.884111749323,"upper_bound":32822.1085391713},"point_estimate":20862.277924676568,"standard_error":7335.239249536946}}