{"Mean":{"confidence_interval":{"confidence_level":0.95,"lower_bound":2692450.049277937,"upper_bound":2761428.6533280658},"point_estimate":2722284.089605112,"standard_error":17826.891639594396},"Median":{"confidence_interval":{"confidence_level":0.95,"lower_bound":2677194.52,"upper_bound":2706597.340670103},"point_estimate":2694621.8123706,"standard_error":6939.002805301125},"MedianAbsDev":{"confidence_interval":{"confidence_level":0.95,"lower_bound":39988.421050851895,"upper_bound":69551.37021668698},"point_estimate":51016.10344611249,"standard_error":7322.346155306452},"Slope":{"confidence_interval":{"confidence_level":0.95,"lower_bound":2686311.184017768,"upper_bound":2704287.6279890924},"point_estimate":2695108.417399143,"standard_error":4570.48936693397},"StdDev":{"confidence_interval":{"confidence_level":0.95,"lower_bound":80472.13092272345,"upper_bound":272315.463641731},"point_estimate":178562.44166674133,"standard_error":55361.17259074618}}