{"Mean":{"confidence_interval":{"confidence_level":0.95,"lower_bound":2700204.8880465864,"upper_bound":2738596.962547675},"point_estimate":2718000.5709269173,"standard_error":9812.953328355396},"Median":{"confidence_interval":{"confidence_level":0.95,"lower_bound":2683169.324652778,"upper_bound":2702831.6666666665},"point_estimate":2690195.970743034,"standard_error":5318.077136065051},"MedianAbsDev":{"confidence_interval":{"confidence_level":0.95,"lower_bound":33859.80199031357,"upper_bound":56281.49180267184},"point_estimate":44079.097450773,"standard_error":5773.4242480965895},"Slope":{"confidence_interval":{"confidence_level":0.95,"lower_bound":2688844.6843585335,"upper_bound":2706562.557214917},"point_estimate":2697355.464950495,"standard_error":4521.217141646407},"StdDev":{"confidence_interval":{"confidence_level":0.95,"lower_bound":62323.355180447004,"upper_bound":133241.04609216712},"point_estimate":98835.1919102006,"standard_error":18412.04190094768}}