{"Mean":{"confidence_interval":{"confidence_level":0.95,"lower_bound":2272151.8485658416,"upper_bound":2314734.1757092373},"point_estimate":2291225.9788885186,"standard_error":10881.728101868233},"Median":{"confidence_interval":{"confidence_level":0.95,"lower_bound":2264011.93814433,"upper_bound":2287157.4898635847},"point_estimate":2275797.1992976293,"standard_error":4732.963492177358},"MedianAbsDev":{"confidence_interval":{"confidence_level":0.95,"lower_bound":38890.99906275266,"upper_bound":73367.41455177117},"point_estimate":55297.01282259988,"standard_error":8486.20281489632},"Slope":{"confidence_interval":{"confidence_level":0.95,"lower_bound":2256884.1713320324,"upper_bound":2277782.5307709696},"point_estimate":2266786.291426038,"standard_error":5336.033173182226},"StdDev":{"confidence_interval":{"confidence_level":0.95,"lower_bound":60426.14101870652,"upper_bound":159965.4458023418},"point_estimate":109492.65479934547,"standard_error":27659.673804084814}}