{"Mean":{"confidence_interval":{"confidence_level":0.95,"lower_bound":2384260.3010449614,"upper_bound":2433480.7352792933},"point_estimate":2407069.8986058,"standard_error":12607.736602525485},"Median":{"confidence_interval":{"confidence_level":0.95,"lower_bound":2361807.6363636362,"upper_bound":2392969.214285714},"point_estimate":2379985.9673821903,"standard_error":6879.385281764934},"MedianAbsDev":{"confidence_interval":{"confidence_level":0.95,"lower_bound":44361.9584851451,"upper_bound":75311.26738878878},"point_estimate":61118.745823620804,"standard_error":7683.032878216513},"Slope":{"confidence_interval":{"confidence_level":0.95,"lower_bound":2362054.5226596454,"upper_bound":2389196.2861199793},"point_estimate":2374235.7909679324,"standard_error":6956.190340408277},"StdDev":{"confidence_interval":{"confidence_level":0.95,"lower_bound":78341.19890893092,"upper_bound":169099.62035157598},"point_estimate":126853.53998822522,"standard_error":23257.417779446107}}