{"Mean":{"confidence_interval":{"confidence_level":0.95,"lower_bound":2217810.4665437425,"upper_bound":2281662.136280355},"point_estimate":2244394.671853164,"standard_error":16568.465974455277},"Median":{"confidence_interval":{"confidence_level":0.95,"lower_bound":2200702.3948402302,"upper_bound":2206213.316111749},"point_estimate":2202901.611481481,"standard_error":1566.2059214375122},"MedianAbsDev":{"confidence_interval":{"confidence_level":0.95,"lower_bound":9277.908828410687,"upper_bound":17846.31357316443},"point_estimate":12828.352551051685,"standard_error":2155.436382001095},"Slope":{"confidence_interval":{"confidence_level":0.95,"lower_bound":2199435.606207891,"upper_bound":2204378.950813168},"point_estimate":2201740.7174937194,"standard_error":1260.3059584930165},"StdDev":{"confidence_interval":{"confidence_level":0.95,"lower_bound":55184.56843821608,"upper_bound":262152.9951788895},"point_estimate":165955.08958094887,"standard_error":58830.767334091135}}