{"Mean":{"confidence_interval":{"confidence_level":0.95,"lower_bound":4391546.007071812,"upper_bound":4459002.112156969},"point_estimate":4421447.18157985,"standard_error":17341.807393000567},"Median":{"confidence_interval":{"confidence_level":0.95,"lower_bound":4386313.168421052,"upper_bound":4407311.466666667},"point_estimate":4397284.794548748,"standard_error":5725.36880423556},"MedianAbsDev":{"confidence_interval":{"confidence_level":0.95,"lower_bound":34703.41654752738,"upper_bound":72433.11197103666},"point_estimate":49472.3295137955,"standard_error":9729.060111535076},"Slope":{"confidence_interval":{"confidence_level":0.95,"lower_bound":4391017.278245184,"upper_bound":4413567.233690409},"point_estimate":4401655.052034875,"standard_error":5746.364429210208},"StdDev":{"confidence_interval":{"confidence_level":0.95,"lower_bound":82707.46374572726,"upper_bound":260021.54598829345},"point_estimate":174364.3521405157,"standard_error":48300.18567884785}}