{"Mean":{"confidence_interval":{"confidence_level":0.95,"lower_bound":0.297929797846496,"upper_bound":0.36233315919991826},"point_estimate":0.3294976558125786,"standard_error":0.01641042021622106},"Median":{"confidence_interval":{"confidence_level":0.95,"lower_bound":0.30126882097812135,"upper_bound":0.3435279671202829},"point_estimate":0.3255395759240134,"standard_error":0.013421898787938435}}