{"Mean":{"confidence_interval":{"confidence_level":0.95,"lower_bound":-0.09695663199156877,"upper_bound":-0.05238259758802624},"point_estimate":-0.0752103170253614,"standard_error":0.011310641391621884},"Median":{"confidence_interval":{"confidence_level":0.95,"lower_bound":-0.05990050365659212,"upper_bound":-0.04149563238642684},"point_estimate":-0.05225977329951592,"standard_error":0.004957288249612285}}