{"Mean":{"confidence_interval":{"confidence_level":0.95,"lower_bound":-0.09627635342506892,"upper_bound":-0.05083541414465799},"point_estimate":-0.0754990415050999,"standard_error":0.01169356213866865},"Median":{"confidence_interval":{"confidence_level":0.95,"lower_bound":-0.10780432262557804,"upper_bound":-0.07351984212308116},"point_estimate":-0.0892126297358452,"standard_error":0.008795034673971112}}