{"Mean":{"confidence_interval":{"confidence_level":0.95,"lower_bound":-0.018769739721038618,"upper_bound":0.02531455333098242},"point_estimate":0.0008129278134199058,"standard_error":0.011267333917899585},"Median":{"confidence_interval":{"confidence_level":0.95,"lower_bound":-0.039156279796948024,"upper_bound":-0.018862949709025245},"point_estimate":-0.028994504267426557,"standard_error":0.005003527514184662}}