{"Mean":{"confidence_interval":{"confidence_level":0.95,"lower_bound":0.035940019588804197,"upper_bound":0.07133677023351534},"point_estimate":0.0555984783392478,"standard_error":0.009088364904178234},"Median":{"confidence_interval":{"confidence_level":0.95,"lower_bound":0.07402012807663083,"upper_bound":0.08134526295121329},"point_estimate":0.07766187277085379,"standard_error":0.0019646272926360925}}