{"Mean":{"confidence_interval":{"confidence_level":0.95,"lower_bound":-0.5004048627104443,"upper_bound":-0.48326685422879245},"point_estimate":-0.49163957065316244,"standard_error":0.004389589608244186},"Median":{"confidence_interval":{"confidence_level":0.95,"lower_bound":-0.48435766724121754,"upper_bound":-0.4738033985766213},"point_estimate":-0.4764845152790731,"standard_error":0.0027925132240775915}}