{"Mean":{"confidence_interval":{"confidence_level":0.95,"lower_bound":-0.03578363239761607,"upper_bound":-0.017450500211434156},"point_estimate":-0.026647084885917938,"standard_error":0.004680070969353909},"Median":{"confidence_interval":{"confidence_level":0.95,"lower_bound":-0.03836359373427156,"upper_bound":-0.027660065417275573},"point_estimate":-0.03345936268037164,"standard_error":0.002656265862799519}}