{"Mean":{"confidence_interval":{"confidence_level":0.95,"lower_bound":0.00018855159171858439,"upper_bound":0.046172359998473446},"point_estimate":0.022421058441449482,"standard_error":0.011738052530052768},"Median":{"confidence_interval":{"confidence_level":0.95,"lower_bound":0.013187323517675598,"upper_bound":0.028160109956223423},"point_estimate":0.020428685908037814,"standard_error":0.003700012066510742}}