{"Mean":{"confidence_interval":{"confidence_level":0.95,"lower_bound":-0.019004433196087453,"upper_bound":0.006652206430437478},"point_estimate":-0.005638242021841933,"standard_error":0.006565098273254254},"Median":{"confidence_interval":{"confidence_level":0.95,"lower_bound":-0.0016614508451778809,"upper_bound":0.012299016168287151},"point_estimate":0.006304495715889091,"standard_error":0.0034909845356362393}}