{"Mean":{"confidence_interval":{"confidence_level":0.95,"lower_bound":-0.08515879159045628,"upper_bound":-0.05170758197792087},"point_estimate":-0.0682913865390894,"standard_error":0.008513007276494558},"Median":{"confidence_interval":{"confidence_level":0.95,"lower_bound":-0.04777463185453357,"upper_bound":-0.03577574964611152},"point_estimate":-0.04074150100775853,"standard_error":0.003067444889172313}}