{"Mean":{"confidence_interval":{"confidence_level":0.95,"lower_bound":-0.13613729086983606,"upper_bound":-0.07180389180127617},"point_estimate":-0.1026996316739911,"standard_error":0.01649403423947888},"Median":{"confidence_interval":{"confidence_level":0.95,"lower_bound":-0.07450348570352172,"upper_bound":-0.0197227762028509},"point_estimate":-0.05221865942952841,"standard_error":0.015998059764744842}}