{"Mean":{"confidence_interval":{"confidence_level":0.95,"lower_bound":-0.14149070652383366,"upper_bound":-0.10403988345257531},"point_estimate":-0.12186056155072611,"standard_error":0.009580334478350546},"Median":{"confidence_interval":{"confidence_level":0.95,"lower_bound":-0.09803991143773605,"upper_bound":-0.08117860501067264},"point_estimate":-0.09127757212711352,"standard_error":0.0043377606675714}}