{"Mean":{"confidence_interval":{"confidence_level":0.95,"lower_bound":0.1567553151906898,"upper_bound":0.24549105106988153},"point_estimate":0.19536435168245503,"standard_error":0.02317147241455591},"Median":{"confidence_interval":{"confidence_level":0.95,"lower_bound":0.14120804668314224,"upper_bound":0.15871702982059332},"point_estimate":0.1498722538215691,"standard_error":0.00433888932120924}}