{"Mean":{"confidence_interval":{"confidence_level":0.95,"lower_bound":8768058.834419811,"upper_bound":8869600.46598783},"point_estimate":8808411.489082964,"standard_error":26852.926831633282},"Median":{"confidence_interval":{"confidence_level":0.95,"lower_bound":8753029.003710575,"upper_bound":8779928.698630137},"point_estimate":8765111.90339354,"standard_error":6720.026419052961},"MedianAbsDev":{"confidence_interval":{"confidence_level":0.95,"lower_bound":45813.35797327278,"upper_bound":85062.11344550052},"point_estimate":68831.08597665826,"standard_error":10299.322529324507},"Slope":{"confidence_interval":{"confidence_level":0.95,"lower_bound":8770348.08485602,"upper_bound":8817703.528851869},"point_estimate":8791540.266735628,"standard_error":12190.23776267943},"StdDev":{"confidence_interval":{"confidence_level":0.95,"lower_bound":82907.38516537596,"upper_bound":439904.31032809964},"point_estimate":269748.0112195296,"standard_error":115358.97710446964}}