{"Mean":{"confidence_interval":{"confidence_level":0.95,"lower_bound":5729116.563653702,"upper_bound":5858278.859875545},"point_estimate":5781049.026223392,"standard_error":33925.98255086969},"Median":{"confidence_interval":{"confidence_level":0.95,"lower_bound":5677037.416013071,"upper_bound":5790873.577651516},"point_estimate":5713016.801682692,"standard_error":32939.827722149865},"MedianAbsDev":{"confidence_interval":{"confidence_level":0.95,"lower_bound":86200.5756261554,"upper_bound":158140.1235365686},"point_estimate":139174.42881715414,"standard_error":18596.60445123594},"Slope":{"confidence_interval":{"confidence_level":0.95,"lower_bound":5733219.353621181,"upper_bound":5790101.591109956},"point_estimate":5760860.924613566,"standard_error":14536.874606703814},"StdDev":{"confidence_interval":{"confidence_level":0.95,"lower_bound":107922.4507634932,"upper_bound":554519.1968276392},"point_estimate":341189.60965839704,"standard_error":141344.02470419163}}