{"Mean":{"confidence_interval":{"confidence_level":0.95,"lower_bound":-0.025301601242983408,"upper_bound":0.01853006447832895},"point_estimate":-0.004339691194447437,"standard_error":0.011063836178116371},"Median":{"confidence_interval":{"confidence_level":0.95,"lower_bound":-0.02147820355948782,"upper_bound":0.0012876500532537083},"point_estimate":-0.006995037351067879,"standard_error":0.00590233673983576}}