{"Mean":{"confidence_interval":{"confidence_level":0.95,"lower_bound":-0.020302488488498707,"upper_bound":0.04408883084186187},"point_estimate":0.012346668776275882,"standard_error":0.016509399009355604},"Median":{"confidence_interval":{"confidence_level":0.95,"lower_bound":-0.026454716128737954,"upper_bound":-0.006327356268241213},"point_estimate":-0.020752231055536252,"standard_error":0.005303088812691059}}