{"Mean":{"confidence_interval":{"confidence_level":0.95,"lower_bound":0.2504028557491231,"upper_bound":0.33572956540169774},"point_estimate":0.29376602713383004,"standard_error":0.021744637453759985},"Median":{"confidence_interval":{"confidence_level":0.95,"lower_bound":0.31885352925494215,"upper_bound":0.35529640899288717},"point_estimate":0.33625313640215126,"standard_error":0.009300101451282183}}