{"Mean":{"confidence_interval":{"confidence_level":0.95,"lower_bound":2406436.6897592214,"upper_bound":2476768.3757052063},"point_estimate":2439974.49845669,"standard_error":18045.161697995256},"Median":{"confidence_interval":{"confidence_level":0.95,"lower_bound":2366610.1348238485,"upper_bound":2402820.3333333335},"point_estimate":2384200.6934343437,"standard_error":8321.91417661817},"MedianAbsDev":{"confidence_interval":{"confidence_level":0.95,"lower_bound":61708.84032384027,"upper_bound":115615.27298280425},"point_estimate":91278.79352376366,"standard_error":13081.774187312158},"Slope":{"confidence_interval":{"confidence_level":0.95,"lower_bound":2375637.3516613967,"upper_bound":2405267.8423831286},"point_estimate":2389419.9993645633,"standard_error":7530.426590268566},"StdDev":{"confidence_interval":{"confidence_level":0.95,"lower_bound":134464.11536194113,"upper_bound":221071.37026080707},"point_estimate":181418.91792621434,"standard_error":22134.919703325475}}