{"Mean":{"confidence_interval":{"confidence_level":0.95,"lower_bound":2432295.1100467304,"upper_bound":2464324.706957344},"point_estimate":2447621.360501337,"standard_error":8174.186216519956},"Median":{"confidence_interval":{"confidence_level":0.95,"lower_bound":2424271.046521739,"upper_bound":2446576.8536585364},"point_estimate":2435448.3588235294,"standard_error":6100.6787185129715},"MedianAbsDev":{"confidence_interval":{"confidence_level":0.95,"lower_bound":37421.414389412814,"upper_bound":71872.68032097461},"point_estimate":57008.26342255489,"standard_error":8980.750358191137},"Slope":{"confidence_interval":{"confidence_level":0.95,"lower_bound":2430563.0743992412,"upper_bound":2470790.6778403814},"point_estimate":2448362.3824501256,"standard_error":10340.053765747596},"StdDev":{"confidence_interval":{"confidence_level":0.95,"lower_bound":61781.03215782651,"upper_bound":101714.78279740083},"point_estimate":82148.40721525312,"standard_error":10265.192775366504}}