{"Mean":{"confidence_interval":{"confidence_level":0.95,"lower_bound":102392.11797902595,"upper_bound":104533.93426912966},"point_estimate":103272.85603392696,"standard_error":557.9296608981643},"Median":{"confidence_interval":{"confidence_level":0.95,"lower_bound":101929.24722222223,"upper_bound":102204.81851851851},"point_estimate":102045.83578614009,"standard_error":68.92079522068644},"MedianAbsDev":{"confidence_interval":{"confidence_level":0.95,"lower_bound":439.842785752668,"upper_bound":769.2860697907136},"point_estimate":594.4285949747336,"standard_error":84.8503456587214},"Slope":{"confidence_interval":{"confidence_level":0.95,"lower_bound":101896.14793136736,"upper_bound":102398.53898795554},"point_estimate":102124.38134535245,"standard_error":129.21727922816996},"StdDev":{"confidence_interval":{"confidence_level":0.95,"lower_bound":1597.714237406874,"upper_bound":8973.552789313091},"point_estimate":5610.672678285378,"standard_error":2108.027759881742}}