{"Mean":{"confidence_interval":{"confidence_level":0.95,"lower_bound":109582.08059037871,"upper_bound":114212.78635876454},"point_estimate":111682.36148083942,"standard_error":1187.2568178063354},"Median":{"confidence_interval":{"confidence_level":0.95,"lower_bound":107284.46964769647,"upper_bound":108987.32074507617},"point_estimate":108020.9658066306,"standard_error":513.651712798787},"MedianAbsDev":{"confidence_interval":{"confidence_level":0.95,"lower_bound":2406.4952012362714,"upper_bound":4684.753695434307},"point_estimate":3325.985015274253,"standard_error":556.4710653570506},"Slope":{"confidence_interval":{"confidence_level":0.95,"lower_bound":108254.57022552744,"upper_bound":110048.86036337318},"point_estimate":109109.72151059881,"standard_error":457.5687377087659},"StdDev":{"confidence_interval":{"confidence_level":0.95,"lower_bound":6099.246355502459,"upper_bound":16732.101463916697},"point_estimate":11912.780354984283,"standard_error":2708.249095803839}}