{"Mean":{"confidence_interval":{"confidence_level":0.95,"lower_bound":114080.87302594853,"upper_bound":116701.7767343789},"point_estimate":115325.11100149684,"standard_error":672.9260063013725},"Median":{"confidence_interval":{"confidence_level":0.95,"lower_bound":112515.72522522522,"upper_bound":115428.36921296296},"point_estimate":114028.51499497236,"standard_error":665.2662950656276},"MedianAbsDev":{"confidence_interval":{"confidence_level":0.95,"lower_bound":3586.321552081362,"upper_bound":6139.399615665116},"point_estimate":4815.927589133864,"standard_error":673.9972080869617},"Slope":{"confidence_interval":{"confidence_level":0.95,"lower_bound":114316.91522747475,"upper_bound":115984.84018546497},"point_estimate":115166.0148239003,"standard_error":424.9497850286851},"StdDev":{"confidence_interval":{"confidence_level":0.95,"lower_bound":4852.786179432057,"upper_bound":8400.0342492023},"point_estimate":6735.903196891983,"standard_error":910.6887613795202}}