{"Mean":{"confidence_interval":{"confidence_level":0.95,"lower_bound":4180765.7783409273,"upper_bound":4325272.902783856},"point_estimate":4250276.945268366,"standard_error":37027.63694490074},"Median":{"confidence_interval":{"confidence_level":0.95,"lower_bound":4039882.5920731705,"upper_bound":4154079.9821428573},"point_estimate":4090113.4743589745,"standard_error":26577.82847840203},"MedianAbsDev":{"confidence_interval":{"confidence_level":0.95,"lower_bound":134781.32890485643,"upper_bound":289772.71886986785},"point_estimate":195490.63675551038,"standard_error":37582.96593516749},"Slope":{"confidence_interval":{"confidence_level":0.95,"lower_bound":4328154.35249403,"upper_bound":4514768.473038329},"point_estimate":4425800.727524753,"standard_error":47645.36557862187},"StdDev":{"confidence_interval":{"confidence_level":0.95,"lower_bound":301983.0924180767,"upper_bound":437353.6957067044},"point_estimate":372690.07953399833,"standard_error":34683.168362776145}}