{"Mean":{"confidence_interval":{"confidence_level":0.95,"lower_bound":3823487.314614949,"upper_bound":3944011.122404677},"point_estimate":3875206.355834016,"standard_error":31272.621212359347},"Median":{"confidence_interval":{"confidence_level":0.95,"lower_bound":3793258.813104189,"upper_bound":3835615.386792453},"point_estimate":3818121.24689441,"standard_error":12648.132632645753},"MedianAbsDev":{"confidence_interval":{"confidence_level":0.95,"lower_bound":62881.226988968236,"upper_bound":118695.58579004796},"point_estimate":91270.20043193978,"standard_error":14267.248692371699},"Slope":{"confidence_interval":{"confidence_level":0.95,"lower_bound":3815936.246869146,"upper_bound":3862480.5253351023},"point_estimate":3839381.889191665,"standard_error":11855.554569942124},"StdDev":{"confidence_interval":{"confidence_level":0.95,"lower_bound":106104.10238347849,"upper_bound":480756.8337612831},"point_estimate":314348.903239292,"standard_error":100762.32927656251}}