{"Mean":{"confidence_interval":{"confidence_level":0.95,"lower_bound":4164274.6396273174,"upper_bound":4248466.882723605},"point_estimate":4202243.2177383145,"standard_error":21559.07981772617},"Median":{"confidence_interval":{"confidence_level":0.95,"lower_bound":4145683.542030135,"upper_bound":4206957.169753087},"point_estimate":4169185.879830918,"standard_error":15992.928052472986},"MedianAbsDev":{"confidence_interval":{"confidence_level":0.95,"lower_bound":90324.03532817401,"upper_bound":144860.94123451004},"point_estimate":117746.29030629605,"standard_error":13838.74852860591},"Slope":{"confidence_interval":{"confidence_level":0.95,"lower_bound":4174917.781794659,"upper_bound":4224677.18403757},"point_estimate":4198803.136116448,"standard_error":12653.420757412263},"StdDev":{"confidence_interval":{"confidence_level":0.95,"lower_bound":126354.25733775836,"upper_bound":314619.2929196026},"point_estimate":216443.79947223776,"standard_error":55383.18626228747}}