{"Mean":{"confidence_interval":{"confidence_level":0.95,"lower_bound":4130169.979348675,"upper_bound":4202297.966445093},"point_estimate":4165143.394088439,"standard_error":18345.771172992358},"Median":{"confidence_interval":{"confidence_level":0.95,"lower_bound":4097308.0,"upper_bound":4166471.497536946},"point_estimate":4127361.6876143194,"standard_error":19461.08092127231},"MedianAbsDev":{"confidence_interval":{"confidence_level":0.95,"lower_bound":100961.45548957596,"upper_bound":176399.34277569817},"point_estimate":142391.99881539037,"standard_error":18202.57579533829},"Slope":{"confidence_interval":{"confidence_level":0.95,"lower_bound":4124863.5211413223,"upper_bound":4201504.296202973},"point_estimate":4160664.831044776,"standard_error":19528.897793912118},"StdDev":{"confidence_interval":{"confidence_level":0.95,"lower_bound":144092.77512301292,"upper_bound":221986.3174428802},"point_estimate":184893.7476188245,"standard_error":19898.956316719494}}