{"Mean":{"confidence_interval":{"confidence_level":0.95,"lower_bound":4296708.37863596,"upper_bound":4443634.348366423},"point_estimate":4361230.375707066,"standard_error":37866.01490900792},"Median":{"confidence_interval":{"confidence_level":0.95,"lower_bound":4261885.0,"upper_bound":4279957.136290323},"point_estimate":4271140.215535525,"standard_error":4217.688823892354},"MedianAbsDev":{"confidence_interval":{"confidence_level":0.95,"lower_bound":26039.558084821143,"upper_bound":44699.000894592005},"point_estimate":34032.425652321996,"standard_error":4669.452916274733},"Slope":{"confidence_interval":{"confidence_level":0.95,"lower_bound":4266639.537445914,"upper_bound":4317027.076746859},"point_estimate":4289184.502207773,"standard_error":13030.79892416884},"StdDev":{"confidence_interval":{"confidence_level":0.95,"lower_bound":119901.62028317002,"upper_bound":548898.743132287},"point_estimate":380782.39502373216,"standard_error":102743.77240344872}}