{"Mean":{"confidence_interval":{"confidence_level":0.95,"lower_bound":80847.9109846683,"upper_bound":83564.84690344436},"point_estimate":82138.41750288082,"standard_error":692.9573956331118},"Median":{"confidence_interval":{"confidence_level":0.95,"lower_bound":78596.74421720256,"upper_bound":81084.00582451225},"point_estimate":79480.87668770518,"standard_error":674.0969389195134},"MedianAbsDev":{"confidence_interval":{"confidence_level":0.95,"lower_bound":2713.985738178215,"upper_bound":5296.535774353447},"point_estimate":4042.8655678225327,"standard_error":709.9591338872696},"Slope":{"confidence_interval":{"confidence_level":0.95,"lower_bound":80317.15847917233,"upper_bound":82027.6688946949},"point_estimate":81143.45682601842,"standard_error":435.0608283697652},"StdDev":{"confidence_interval":{"confidence_level":0.95,"lower_bound":5043.569494758217,"upper_bound":8769.767207418085},"point_estimate":6963.542232215106,"standard_error":958.8651525258497}}