{"Mean":{"confidence_interval":{"confidence_level":0.95,"lower_bound":71609.75230585126,"upper_bound":74430.91686149978},"point_estimate":72822.60967849134,"standard_error":726.8929263676388},"Median":{"confidence_interval":{"confidence_level":0.95,"lower_bound":70846.86214285715,"upper_bound":71581.18482378026},"point_estimate":71200.86844569287,"standard_error":187.4401119208303},"MedianAbsDev":{"confidence_interval":{"confidence_level":0.95,"lower_bound":1873.3405138661824,"upper_bound":2977.2070514994048},"point_estimate":2409.224957227707,"standard_error":276.63262809906854},"Slope":{"confidence_interval":{"confidence_level":0.95,"lower_bound":71258.23675460264,"upper_bound":72194.05742749601},"point_estimate":71702.67151639258,"standard_error":238.89061717530146},"StdDev":{"confidence_interval":{"confidence_level":0.95,"lower_bound":2528.2794119729747,"upper_bound":10876.105812689297},"point_estimate":7274.649681153328,"standard_error":2261.7466653562747}}