{"Mean":{"confidence_interval":{"confidence_level":0.95,"lower_bound":72165.2652749648,"upper_bound":76129.34510489924},"point_estimate":73864.7214415162,"standard_error":1021.3917883099522},"Median":{"confidence_interval":{"confidence_level":0.95,"lower_bound":71054.50275842044,"upper_bound":71433.42588126159},"point_estimate":71247.54298319327,"standard_error":96.22856584028555},"MedianAbsDev":{"confidence_interval":{"confidence_level":0.95,"lower_bound":359.5219853299352,"upper_bound":928.0609028114327},"point_estimate":591.0107114208585,"standard_error":146.02845634152288},"Slope":{"confidence_interval":{"confidence_level":0.95,"lower_bound":71551.92939825458,"upper_bound":74521.08757502462},"point_estimate":72762.64068209166,"standard_error":783.0557403381341},"StdDev":{"confidence_interval":{"confidence_level":0.95,"lower_bound":3475.5846043636675,"upper_bound":15592.595938955224},"point_estimate":10235.1201342661,"standard_error":3178.3388709311994}}