{"Mean":{"confidence_interval":{"confidence_level":0.95,"lower_bound":71130.2709715466,"upper_bound":73144.11011688189},"point_estimate":71979.76002950991,"standard_error":520.8247214545504},"Median":{"confidence_interval":{"confidence_level":0.95,"lower_bound":70656.8574113856,"upper_bound":71504.52725999491},"point_estimate":71104.79890453834,"standard_error":220.0700560036536},"MedianAbsDev":{"confidence_interval":{"confidence_level":0.95,"lower_bound":1473.5203570605388,"upper_bound":2361.3736907426537},"point_estimate":2027.1798909854465,"standard_error":234.1853506329157},"Slope":{"confidence_interval":{"confidence_level":0.95,"lower_bound":71015.79354634364,"upper_bound":71614.77198371658},"point_estimate":71306.86417572675,"standard_error":152.73636846408868},"StdDev":{"confidence_interval":{"confidence_level":0.95,"lower_bound":1902.4481903711082,"upper_bound":8227.486316195665},"point_estimate":5241.977788119122,"standard_error":1825.809426735671}}