{"Mean":{"confidence_interval":{"confidence_level":0.95,"lower_bound":0.27789774893132346,"upper_bound":0.32484370121574346},"point_estimate":0.3023308141558019,"standard_error":0.011988431158893456},"Median":{"confidence_interval":{"confidence_level":0.95,"lower_bound":0.2879145143646089,"upper_bound":0.3356499986417354},"point_estimate":0.31353440139354305,"standard_error":0.011727954718437588}}