{"Mean":{"confidence_interval":{"confidence_level":0.95,"lower_bound":-0.06138308779808659,"upper_bound":-0.027059135612900343},"point_estimate":-0.04472632782618835,"standard_error":0.008701759023762079},"Median":{"confidence_interval":{"confidence_level":0.95,"lower_bound":-0.06445044181312798,"upper_bound":-0.03139503005810351},"point_estimate":-0.049084964060174485,"standard_error":0.00922311057331978}}