{"Mean":{"confidence_interval":{"confidence_level":0.95,"lower_bound":0.013566172462118704,"upper_bound":0.046464933910941184},"point_estimate":0.02962920728609575,"standard_error":0.008353233238123463},"Median":{"confidence_interval":{"confidence_level":0.95,"lower_bound":0.00884396889607181,"upper_bound":0.043288403375998374},"point_estimate":0.025208315815089533,"standard_error":0.009517440956775364}}