{"Mean":{"confidence_interval":{"confidence_level":0.95,"lower_bound":-0.06211188954046332,"upper_bound":-0.02790688385967232},"point_estimate":-0.04516000144930099,"standard_error":0.00865966522503443},"Median":{"confidence_interval":{"confidence_level":0.95,"lower_bound":-0.056193594355951615,"upper_bound":-0.03950106727141698},"point_estimate":-0.04374035867179493,"standard_error":0.004302755776016886}}