{"Mean":{"confidence_interval":{"confidence_level":0.95,"lower_bound":-0.9750068551707786,"upper_bound":-0.9648023258964521},"point_estimate":-0.9700073464256457,"standard_error":0.0026454800489104494},"Median":{"confidence_interval":{"confidence_level":0.95,"lower_bound":-0.9660440500169296,"upper_bound":-0.9647071426077184},"point_estimate":-0.9652708609873942,"standard_error":0.0003921922948507061}}