{"Mean":{"confidence_interval":{"confidence_level":0.95,"lower_bound":-0.021223024492705234,"upper_bound":0.04110716145973254},"point_estimate":0.009749227037981756,"standard_error":0.015781538646015884},"Median":{"confidence_interval":{"confidence_level":0.95,"lower_bound":0.020537104640353743,"upper_bound":0.0397018850588271},"point_estimate":0.028967088550178266,"standard_error":0.004975457615107538}}