{"Mean":{"confidence_interval":{"confidence_level":0.95,"lower_bound":-0.029629090451483486,"upper_bound":0.0263943475289725},"point_estimate":0.00004503974855407655,"standard_error":0.014359758800404764},"Median":{"confidence_interval":{"confidence_level":0.95,"lower_bound":0.0022811164316496615,"upper_bound":0.027011102328901027},"point_estimate":0.01730108774142014,"standard_error":0.006513059820030164}}