{"Mean":{"confidence_interval":{"confidence_level":0.95,"lower_bound":-0.01885853496702354,"upper_bound":0.03563454068536354},"point_estimate":0.009119039560459896,"standard_error":0.013964765765269121},"Median":{"confidence_interval":{"confidence_level":0.95,"lower_bound":-0.01082389320526278,"upper_bound":0.010762652864376943},"point_estimate":0.0002919848611218079,"standard_error":0.005411603684783649}}