{"Mean":{"confidence_interval":{"confidence_level":0.95,"lower_bound":52838.861179798936,"upper_bound":53993.58616733688},"point_estimate":53292.83772102599,"standard_error":305.42328663878317},"Median":{"confidence_interval":{"confidence_level":0.95,"lower_bound":52659.58943089431,"upper_bound":52767.72975517891},"point_estimate":52705.40383811231,"standard_error":28.302018019853964},"MedianAbsDev":{"confidence_interval":{"confidence_level":0.95,"lower_bound":196.5475989625315,"upper_bound":366.1307763702485},"point_estimate":249.83169564211983,"standard_error":43.61549783042962},"Slope":{"confidence_interval":{"confidence_level":0.95,"lower_bound":52650.86918896022,"upper_bound":52807.529354036655},"point_estimate":52723.16718076285,"standard_error":40.149322639742884},"StdDev":{"confidence_interval":{"confidence_level":0.95,"lower_bound":732.2262171604407,"upper_bound":5039.660503510931},"point_estimate":3069.8176466771465,"standard_error":1336.128270195956}}