{"Mean":{"confidence_interval":{"confidence_level":0.95,"lower_bound":57117.87564384542,"upper_bound":61410.670595645905},"point_estimate":59107.312728632096,"standard_error":1100.22943434518},"Median":{"confidence_interval":{"confidence_level":0.95,"lower_bound":54753.21198324531,"upper_bound":56291.39705882353},"point_estimate":55189.45747724928,"standard_error":370.98181808302695},"MedianAbsDev":{"confidence_interval":{"confidence_level":0.95,"lower_bound":2085.4531923567138,"upper_bound":3901.889355571651},"point_estimate":2559.3110140584204,"standard_error":440.4814625979583},"Slope":{"confidence_interval":{"confidence_level":0.95,"lower_bound":57344.87264433821,"upper_bound":62289.8499235915},"point_estimate":59485.145429984615,"standard_error":1272.8366683299905},"StdDev":{"confidence_interval":{"confidence_level":0.95,"lower_bound":6944.304314836085,"upper_bound":14446.57692600912},"point_estimate":11080.350754205623,"standard_error":1917.5784023263857}}