{"Mean":{"confidence_interval":{"confidence_level":0.95,"lower_bound":2199914.196894457,"upper_bound":2237833.952530166},"point_estimate":2216751.518707333,"standard_error":9748.127337355096},"Median":{"confidence_interval":{"confidence_level":0.95,"lower_bound":2186207.6005291007,"upper_bound":2204813.441268191},"point_estimate":2194203.45923365,"standard_error":5945.900339943229},"MedianAbsDev":{"confidence_interval":{"confidence_level":0.95,"lower_bound":27758.571276691484,"upper_bound":53125.804489750684},"point_estimate":38081.624479558595,"standard_error":7443.213679404337},"Slope":{"confidence_interval":{"confidence_level":0.95,"lower_bound":2189205.185642013,"upper_bound":2208471.9452759614},"point_estimate":2198146.2947923746,"standard_error":4921.44248561063},"StdDev":{"confidence_interval":{"confidence_level":0.95,"lower_bound":47939.112938272774,"upper_bound":145216.07972684735},"point_estimate":98062.52817033655,"standard_error":26666.559036653798}}