{"Mean":{"confidence_interval":{"confidence_level":0.95,"lower_bound":2698435.510134998,"upper_bound":2803539.529026124},"point_estimate":2744665.403863081,"standard_error":26976.353814848393},"Median":{"confidence_interval":{"confidence_level":0.95,"lower_bound":2675357.494623656,"upper_bound":2723829.827160494},"point_estimate":2698331.0096153845,"standard_error":10440.899955761606},"MedianAbsDev":{"confidence_interval":{"confidence_level":0.95,"lower_bound":83025.86635051238,"upper_bound":128853.62440815673},"point_estimate":103945.83042642377,"standard_error":11533.656912739154},"Slope":{"confidence_interval":{"confidence_level":0.95,"lower_bound":2695544.788833805,"upper_bound":2782004.3322333195},"point_estimate":2735187.133805231,"standard_error":22178.135905317533},"StdDev":{"confidence_interval":{"confidence_level":0.95,"lower_bound":137533.065367535,"upper_bound":402422.5030999931},"point_estimate":270520.52826346154,"standard_error":75775.71637488522}}