{"Mean":{"confidence_interval":{"confidence_level":0.95,"lower_bound":2854350.076899119,"upper_bound":2920776.581794103},"point_estimate":2884388.922871417,"standard_error":17010.528679405026},"Median":{"confidence_interval":{"confidence_level":0.95,"lower_bound":2829044.203703704,"upper_bound":2851608.5692307693},"point_estimate":2838152.199652778,"standard_error":6975.675027601217},"MedianAbsDev":{"confidence_interval":{"confidence_level":0.95,"lower_bound":47718.32110232851,"upper_bound":86529.04262914296},"point_estimate":63699.46482068099,"standard_error":10037.084225699},"Slope":{"confidence_interval":{"confidence_level":0.95,"lower_bound":2835652.090049266,"upper_bound":2881327.5891653714},"point_estimate":2856457.931692035,"standard_error":11704.222147353485},"StdDev":{"confidence_interval":{"confidence_level":0.95,"lower_bound":96455.00857929146,"upper_bound":239010.66676406702},"point_estimate":171546.5543203274,"standard_error":37013.34118367005}}