{"Mean":{"confidence_interval":{"confidence_level":0.95,"lower_bound":2792172.9259758485,"upper_bound":2867158.5308351554},"point_estimate":2826161.3235935573,"standard_error":19162.475322661245},"Median":{"confidence_interval":{"confidence_level":0.95,"lower_bound":2768228.9663120564,"upper_bound":2806597.711621234},"point_estimate":2791762.351668475,"standard_error":10355.51128053774},"MedianAbsDev":{"confidence_interval":{"confidence_level":0.95,"lower_bound":70378.22823092878,"upper_bound":111325.86249244581},"point_estimate":92267.44570588271,"standard_error":10509.085994086547},"Slope":{"confidence_interval":{"confidence_level":0.95,"lower_bound":2772211.721961528,"upper_bound":2803869.18905171},"point_estimate":2787883.624592877,"standard_error":8048.802621009413},"StdDev":{"confidence_interval":{"confidence_level":0.95,"lower_bound":109063.05545563885,"upper_bound":276533.56504738727},"point_estimate":193220.80342614374,"standard_error":45321.627796464556}}