{"Mean":{"confidence_interval":{"confidence_level":0.95,"lower_bound":2718375.0340092205,"upper_bound":2753154.969877057},"point_estimate":2734228.120883761,"standard_error":8898.351433143851},"Median":{"confidence_interval":{"confidence_level":0.95,"lower_bound":2707056.5535491905,"upper_bound":2729593.3098591547},"point_estimate":2716820.2038690476,"standard_error":5571.622471361441},"MedianAbsDev":{"confidence_interval":{"confidence_level":0.95,"lower_bound":32359.188300882568,"upper_bound":53748.14184131685},"point_estimate":41932.42257478138,"standard_error":5273.578378144304},"Slope":{"confidence_interval":{"confidence_level":0.95,"lower_bound":2719075.2960451376,"upper_bound":2739703.198534387},"point_estimate":2729321.321409783,"standard_error":5273.719501036512},"StdDev":{"confidence_interval":{"confidence_level":0.95,"lower_bound":49839.319937140506,"upper_bound":124930.75882483064},"point_estimate":89205.49582960425,"standard_error":19723.329280054804}}