{"Mean":{"confidence_interval":{"confidence_level":0.95,"lower_bound":2633230.2225848017,"upper_bound":2665373.205237346},"point_estimate":2648168.0546337585,"standard_error":8183.937630981901},"Median":{"confidence_interval":{"confidence_level":0.95,"lower_bound":2624125.9163557217,"upper_bound":2637111.620689655},"point_estimate":2629154.931306991,"standard_error":3442.7649735533487},"MedianAbsDev":{"confidence_interval":{"confidence_level":0.95,"lower_bound":27119.716526954526,"upper_bound":47231.44874882487},"point_estimate":37887.13595400348,"standard_error":5530.874808114024},"Slope":{"confidence_interval":{"confidence_level":0.95,"lower_bound":2627458.574310057,"upper_bound":2647187.751165471},"point_estimate":2636317.2711245753,"standard_error":5055.5042681989735},"StdDev":{"confidence_interval":{"confidence_level":0.95,"lower_bound":51065.58098127587,"upper_bound":109224.89129592378},"point_estimate":82496.8383601614,"standard_error":14863.11240000408}}