{"Mean":{"confidence_interval":{"confidence_level":0.95,"lower_bound":2577666.1946889977,"upper_bound":2642181.557072207},"point_estimate":2606643.1657018457,"standard_error":16516.03655780247},"Median":{"confidence_interval":{"confidence_level":0.95,"lower_bound":2541760.3854166665,"upper_bound":2578380.4285714286},"point_estimate":2549616.865,"standard_error":8327.664292950709},"MedianAbsDev":{"confidence_interval":{"confidence_level":0.95,"lower_bound":36131.12516592408,"upper_bound":77264.39617301968},"point_estimate":51259.54555485467,"standard_error":9646.960686119215},"Slope":{"confidence_interval":{"confidence_level":0.95,"lower_bound":2552312.505456216,"upper_bound":2573233.8755122423},"point_estimate":2562244.418587262,"standard_error":5338.261450180741},"StdDev":{"confidence_interval":{"confidence_level":0.95,"lower_bound":79528.33404129671,"upper_bound":234587.51393349786},"point_estimate":166079.90734387896,"standard_error":38994.203042315916}}