{"Mean":{"confidence_interval":{"confidence_level":0.95,"lower_bound":3176221.850257625,"upper_bound":3306301.188809881},"point_estimate":3237096.4550586534,"standard_error":33145.59772176845},"Median":{"confidence_interval":{"confidence_level":0.95,"lower_bound":3174259.2,"upper_bound":3255362.8181818184},"point_estimate":3220895.811677632,"standard_error":20520.140064220428},"MedianAbsDev":{"confidence_interval":{"confidence_level":0.95,"lower_bound":114180.49875490498,"upper_bound":191132.9220533033},"point_estimate":154392.89288497815,"standard_error":20769.194430505635},"Slope":{"confidence_interval":{"confidence_level":0.95,"lower_bound":3200725.0485368012,"upper_bound":3249698.535341757},"point_estimate":3224530.144415546,"standard_error":12490.764153595872},"StdDev":{"confidence_interval":{"confidence_level":0.95,"lower_bound":200938.67924540362,"upper_bound":456981.26625591004},"point_estimate":334054.9136142683,"standard_error":66271.08141975016}}