{"Mean":{"confidence_interval":{"confidence_level":0.95,"lower_bound":0.026928102888271296,"upper_bound":0.04455765494975974},"point_estimate":0.036231023366604775,"standard_error":0.0044890914234128635},"Median":{"confidence_interval":{"confidence_level":0.95,"lower_bound":0.030100266332336645,"upper_bound":0.042796019480860314},"point_estimate":0.03533455245362149,"standard_error":0.003360706489563563}}