{"Mean":{"confidence_interval":{"confidence_level":0.95,"lower_bound":-0.09675134556699717,"upper_bound":-0.06374449025471093},"point_estimate":-0.08106392695272668,"standard_error":0.00844509361049897},"Median":{"confidence_interval":{"confidence_level":0.95,"lower_bound":-0.09015731452385889,"upper_bound":-0.07390856584218423},"point_estimate":-0.08142210550978646,"standard_error":0.004658770478372133}}