{"Mean":{"confidence_interval":{"confidence_level":0.95,"lower_bound":-0.039372223078651986,"upper_bound":-0.008526400683695038},"point_estimate":-0.024023177075588098,"standard_error":0.007865042916211658},"Median":{"confidence_interval":{"confidence_level":0.95,"lower_bound":-0.03092229590374518,"upper_bound":-0.00006661814052300041},"point_estimate":-0.008755515520967316,"standard_error":0.008564182007136052}}