{"Mean":{"confidence_interval":{"confidence_level":0.95,"lower_bound":-0.09440835618427389,"upper_bound":-0.06717250796700674},"point_estimate":-0.08143478781965596,"standard_error":0.006929404748332691},"Median":{"confidence_interval":{"confidence_level":0.95,"lower_bound":-0.09633191499283167,"upper_bound":-0.08258752979670311},"point_estimate":-0.08891152587390383,"standard_error":0.0035571683434691558}}