{"Mean":{"confidence_interval":{"confidence_level":0.95,"lower_bound":-0.19937026785878156,"upper_bound":-0.09532328737517448},"point_estimate":-0.14799457028798635,"standard_error":0.02651258650541706},"Median":{"confidence_interval":{"confidence_level":0.95,"lower_bound":-0.03486895038590365,"upper_bound":-0.018822938182668225},"point_estimate":-0.023699870123012445,"standard_error":0.004343994849688748}}