{"Mean":{"confidence_interval":{"confidence_level":0.95,"lower_bound":-0.18988587033908552,"upper_bound":-0.16928615268411482},"point_estimate":-0.17948093734053328,"standard_error":0.005229578910881001},"Median":{"confidence_interval":{"confidence_level":0.95,"lower_bound":-0.1819589967202273,"upper_bound":-0.17602405537693977},"point_estimate":-0.18010375274525636,"standard_error":0.0014728118609692196}}