{"Mean":{"confidence_interval":{"confidence_level":0.95,"lower_bound":-0.05310320024386964,"upper_bound":-0.03096728689050281},"point_estimate":-0.04154960806664709,"standard_error":0.00562425108181741},"Median":{"confidence_interval":{"confidence_level":0.95,"lower_bound":-0.04419527753284147,"upper_bound":-0.02902329591593955},"point_estimate":-0.036454187038497454,"standard_error":0.00386311419872997}}