{"Mean":{"confidence_interval":{"confidence_level":0.95,"lower_bound":-0.0830011107700656,"upper_bound":0.025659698336107293},"point_estimate":-0.02750058523757748,"standard_error":0.027696915998565528},"Median":{"confidence_interval":{"confidence_level":0.95,"lower_bound":0.027530002206091142,"upper_bound":0.12495434272777617},"point_estimate":0.07384330114495952,"standard_error":0.026565650246952205}}