{"Mean":{"confidence_interval":{"confidence_level":0.95,"lower_bound":-0.045307936976531855,"upper_bound":-0.028937396635867633},"point_estimate":-0.03757892058255252,"standard_error":0.004091032942562596},"Median":{"confidence_interval":{"confidence_level":0.95,"lower_bound":-0.052519617999221335,"upper_bound":-0.03422937605558052},"point_estimate":-0.04392967343622445,"standard_error":0.004762036387606586}}