{"Mean":{"confidence_interval":{"confidence_level":0.95,"lower_bound":-0.02919753151357785,"upper_bound":0.0029332006693279416},"point_estimate":-0.012880663772910306,"standard_error":0.008137613614066959},"Median":{"confidence_interval":{"confidence_level":0.95,"lower_bound":-0.01211988793427754,"upper_bound":-0.0048481761364610465},"point_estimate":-0.009756384823169317,"standard_error":0.001827506639248893}}