{"Mean":{"confidence_interval":{"confidence_level":0.95,"lower_bound":2166900.99496634,"upper_bound":2220681.20320902},"point_estimate":2190582.7621546397,"standard_error":13830.536342753774},"Median":{"confidence_interval":{"confidence_level":0.95,"lower_bound":2153833.031226054,"upper_bound":2160259.775510204},"point_estimate":2156633.8422902026,"standard_error":1509.7759680789816},"MedianAbsDev":{"confidence_interval":{"confidence_level":0.95,"lower_bound":9728.75239215196,"upper_bound":16912.306579073513},"point_estimate":13649.604019884102,"standard_error":1828.8656942352452},"Slope":{"confidence_interval":{"confidence_level":0.95,"lower_bound":2152860.492259019,"upper_bound":2158171.4247114244},"point_estimate":2155375.1877375497,"standard_error":1357.1436030713758},"StdDev":{"confidence_interval":{"confidence_level":0.95,"lower_bound":57570.70509794831,"upper_bound":200516.47325070528},"point_estimate":138766.1400167009,"standard_error":36383.94112627114}}