{"Mean":{"confidence_interval":{"confidence_level":0.95,"lower_bound":2258691.0161649003,"upper_bound":2320752.922083942},"point_estimate":2287656.478229163,"standard_error":15873.618646687155},"Median":{"confidence_interval":{"confidence_level":0.95,"lower_bound":2218027.4090497736,"upper_bound":2260156.9811320757},"point_estimate":2232576.503809524,"standard_error":11389.358660194232},"MedianAbsDev":{"confidence_interval":{"confidence_level":0.95,"lower_bound":37877.36167291919,"upper_bound":83463.0781666526},"point_estimate":54573.45455684484,"standard_error":11267.058728083037},"Slope":{"confidence_interval":{"confidence_level":0.95,"lower_bound":2228226.973283442,"upper_bound":2262623.0491825775},"point_estimate":2242858.085577065,"standard_error":8890.455071232986},"StdDev":{"confidence_interval":{"confidence_level":0.95,"lower_bound":101401.43150540821,"upper_bound":210966.2619765857},"point_estimate":160036.8156642303,"standard_error":28074.578289067675}}