{"Mean":{"confidence_interval":{"confidence_level":0.95,"lower_bound":2233233.170141329,"upper_bound":2291225.242283962},"point_estimate":2257912.1538226195,"standard_error":14964.531555502634},"Median":{"confidence_interval":{"confidence_level":0.95,"lower_bound":2210596.3815789474,"upper_bound":2247287.4396551726},"point_estimate":2220277.7115436066,"standard_error":9679.281581346875},"MedianAbsDev":{"confidence_interval":{"confidence_level":0.95,"lower_bound":49269.845581052046,"upper_bound":75571.77291686936},"point_estimate":62779.84162603514,"standard_error":6427.547859524506},"Slope":{"confidence_interval":{"confidence_level":0.95,"lower_bound":2210449.039391307,"upper_bound":2234652.6665182123},"point_estimate":2221779.1238244423,"standard_error":6198.228964336581},"StdDev":{"confidence_interval":{"confidence_level":0.95,"lower_bound":69001.74969737972,"upper_bound":233040.6384411174},"point_estimate":150747.57868917892,"standard_error":50823.80139879127}}