{"Mean":{"confidence_interval":{"confidence_level":0.95,"lower_bound":3195227.6702468605,"upper_bound":3416209.8892731196},"point_estimate":3299138.247947237,"standard_error":56552.18211592108},"Median":{"confidence_interval":{"confidence_level":0.95,"lower_bound":3015178.9773049643,"upper_bound":3104499.5185185187},"point_estimate":3049979.6259830613,"standard_error":22232.282996246642},"MedianAbsDev":{"confidence_interval":{"confidence_level":0.95,"lower_bound":92402.63207620391,"upper_bound":219841.42214078468},"point_estimate":141192.1359117041,"standard_error":32106.56210656331},"Slope":{"confidence_interval":{"confidence_level":0.95,"lower_bound":3060462.755751936,"upper_bound":3182448.781386761},"point_estimate":3115128.0829082313,"standard_error":31296.535009572915},"StdDev":{"confidence_interval":{"confidence_level":0.95,"lower_bound":396560.30613961164,"upper_bound":722287.4787835856},"point_estimate":568016.2980389949,"standard_error":83613.34209377572}}