{"Mean":{"confidence_interval":{"confidence_level":0.95,"lower_bound":4068409.6886245543,"upper_bound":4132926.8349922146},"point_estimate":4098654.6877435995,"standard_error":16521.00511884668},"Median":{"confidence_interval":{"confidence_level":0.95,"lower_bound":4033618.109090909,"upper_bound":4082834.2},"point_estimate":4060356.0933441557,"standard_error":11348.531528020221},"MedianAbsDev":{"confidence_interval":{"confidence_level":0.95,"lower_bound":68455.9128251302,"upper_bound":115794.03409190678},"point_estimate":93039.74752050245,"standard_error":11753.545792896499},"Slope":{"confidence_interval":{"confidence_level":0.95,"lower_bound":4027838.988822377,"upper_bound":4075098.8021269087},"point_estimate":4049452.377780405,"standard_error":12049.57976263584},"StdDev":{"confidence_interval":{"confidence_level":0.95,"lower_bound":104028.46745886683,"upper_bound":218196.2023954008},"point_estimate":165732.9851552182,"standard_error":29104.4126113918}}