{"Mean":{"confidence_interval":{"confidence_level":0.95,"lower_bound":4112424.5695662033,"upper_bound":4192411.4721132573},"point_estimate":4148257.078021627,"standard_error":20455.838878481103},"Median":{"confidence_interval":{"confidence_level":0.95,"lower_bound":4076951.606060606,"upper_bound":4111733.724637681},"point_estimate":4097478.474453906,"standard_error":9694.35961673496},"MedianAbsDev":{"confidence_interval":{"confidence_level":0.95,"lower_bound":64767.20934245541,"upper_bound":115568.08927181564},"point_estimate":91928.06978946549,"standard_error":13645.119408311124},"Slope":{"confidence_interval":{"confidence_level":0.95,"lower_bound":4083269.7859091344,"upper_bound":4145500.0421546246},"point_estimate":4108251.2396453377,"standard_error":16338.311446225043},"StdDev":{"confidence_interval":{"confidence_level":0.95,"lower_bound":110811.92593870986,"upper_bound":302446.9816415653},"point_estimate":206283.12209210516,"standard_error":53891.155516195926}}