{"Mean":{"confidence_interval":{"confidence_level":0.95,"lower_bound":3706926.086339546,"upper_bound":3750545.979603108},"point_estimate":3727380.7949755816,"standard_error":11170.207405226089},"Median":{"confidence_interval":{"confidence_level":0.95,"lower_bound":3684459.1704545454,"upper_bound":3709956.757575758},"point_estimate":3698329.515364917,"standard_error":7316.450946323262},"MedianAbsDev":{"confidence_interval":{"confidence_level":0.95,"lower_bound":41232.19267846506,"upper_bound":77880.75422734035},"point_estimate":59671.43257073794,"standard_error":9881.175302453237},"Slope":{"confidence_interval":{"confidence_level":0.95,"lower_bound":3701785.058501838,"upper_bound":3728627.669283119},"point_estimate":3714779.959538939,"standard_error":6829.238397694404},"StdDev":{"confidence_interval":{"confidence_level":0.95,"lower_bound":69950.4695963577,"upper_bound":148395.64701427685},"point_estimate":112209.815339222,"standard_error":20182.29219474199}}