{"Mean":{"confidence_interval":{"confidence_level":0.95,"lower_bound":340333.95530343096,"upper_bound":364910.0119438758},"point_estimate":352309.71032124804,"standard_error":6246.618879381567},"Median":{"confidence_interval":{"confidence_level":0.95,"lower_bound":324802.44444444444,"upper_bound":347005.6763305322},"point_estimate":338572.1057744937,"standard_error":5984.513846420533},"MedianAbsDev":{"confidence_interval":{"confidence_level":0.95,"lower_bound":35594.346435273146,"upper_bound":61244.26931128804},"point_estimate":50445.1630084934,"standard_error":6368.156835867786},"Slope":{"confidence_interval":{"confidence_level":0.95,"lower_bound":320746.3300601886,"upper_bound":349121.7795399863},"point_estimate":333975.519038471,"standard_error":7241.108312423568},"StdDev":{"confidence_interval":{"confidence_level":0.95,"lower_bound":50686.44044406427,"upper_bound":73145.83149186999},"point_estimate":62789.34155539912,"standard_error":5728.030519003287}}