{"Mean":{"confidence_interval":{"confidence_level":0.95,"lower_bound":229467.91021108985,"upper_bound":236005.18675137957},"point_estimate":232385.12400504778,"standard_error":1674.0409217708313},"Median":{"confidence_interval":{"confidence_level":0.95,"lower_bound":226731.66666666666,"upper_bound":229567.1659090909},"point_estimate":228254.4091714105,"standard_error":676.5800590749637},"MedianAbsDev":{"confidence_interval":{"confidence_level":0.95,"lower_bound":4920.331666692731,"upper_bound":8078.84696891615},"point_estimate":6336.7514250001705,"standard_error":794.2698549061389},"Slope":{"confidence_interval":{"confidence_level":0.95,"lower_bound":228659.15814542604,"upper_bound":231607.00840615257},"point_estimate":230063.01069779813,"standard_error":751.3203491101514},"StdDev":{"confidence_interval":{"confidence_level":0.95,"lower_bound":8696.518002719613,"upper_bound":24502.27548556758},"point_estimate":16793.637230389,"standard_error":4203.53301173265}}