{"Mean":{"confidence_interval":{"confidence_level":0.95,"lower_bound":3073547.0262405938,"upper_bound":3129169.815176437},"point_estimate":3097150.513112792,"standard_error":14447.439839751336},"Median":{"confidence_interval":{"confidence_level":0.95,"lower_bound":3065270.84079602,"upper_bound":3080165.9615384615},"point_estimate":3071585.0073260074,"standard_error":3471.5907861927326},"MedianAbsDev":{"confidence_interval":{"confidence_level":0.95,"lower_bound":26652.283715474412,"upper_bound":49617.41665456371},"point_estimate":38716.52732084731,"standard_error":5919.828346776571},"Slope":{"confidence_interval":{"confidence_level":0.95,"lower_bound":3077829.171880773,"upper_bound":3098572.765194626},"point_estimate":3088231.640780257,"standard_error":5289.528419370957},"StdDev":{"confidence_interval":{"confidence_level":0.95,"lower_bound":42299.248919522965,"upper_bound":224059.9196204029},"point_estimate":145729.618209979,"standard_error":49171.98782469853}}