{"Mean":{"confidence_interval":{"confidence_level":0.95,"lower_bound":3170425.5784239583,"upper_bound":3250624.7078182553},"point_estimate":3207807.5345199634,"standard_error":20544.48111729097},"Median":{"confidence_interval":{"confidence_level":0.95,"lower_bound":3136774.772727273,"upper_bound":3171615.193548387},"point_estimate":3155888.619286287,"standard_error":7642.201133678036},"MedianAbsDev":{"confidence_interval":{"confidence_level":0.95,"lower_bound":51390.381547638506,"upper_bound":99653.38340120396},"point_estimate":69364.62826581433,"standard_error":12145.172182625147},"Slope":{"confidence_interval":{"confidence_level":0.95,"lower_bound":3137288.172766528,"upper_bound":3162424.9941930734},"point_estimate":3149402.0165893305,"standard_error":6408.971558853847},"StdDev":{"confidence_interval":{"confidence_level":0.95,"lower_bound":135880.5660202422,"upper_bound":265535.92737818725},"point_estimate":206533.0628598925,"standard_error":33111.06447779585}}