{"Mean":{"confidence_interval":{"confidence_level":0.95,"lower_bound":3566216.484250928,"upper_bound":3615146.745991764},"point_estimate":3588028.9947193433,"standard_error":12552.858714265763},"Median":{"confidence_interval":{"confidence_level":0.95,"lower_bound":3540049.132352941,"upper_bound":3590060.3759920634},"point_estimate":3569032.158974359,"standard_error":14271.853645483203},"MedianAbsDev":{"confidence_interval":{"confidence_level":0.95,"lower_bound":56365.51071695945,"upper_bound":91660.50135565706},"point_estimate":73503.03991017648,"standard_error":8725.134959892655},"Slope":{"confidence_interval":{"confidence_level":0.95,"lower_bound":3555595.3906599316,"upper_bound":3592312.483015404},"point_estimate":3572217.956199202,"standard_error":9391.711240331946},"StdDev":{"confidence_interval":{"confidence_level":0.95,"lower_bound":67289.51667636546,"upper_bound":187012.17701007522},"point_estimate":125801.00663906819,"standard_error":35059.72520395708}}