{"Mean":{"confidence_interval":{"confidence_level":0.95,"lower_bound":3292910.663471872,"upper_bound":3329035.7153054005},"point_estimate":3309821.4843184026,"standard_error":9202.694979507052},"Median":{"confidence_interval":{"confidence_level":0.95,"lower_bound":3294739.9625,"upper_bound":3327230.3298969073},"point_estimate":3314798.319196428,"standard_error":7134.938556012321},"MedianAbsDev":{"confidence_interval":{"confidence_level":0.95,"lower_bound":47629.00033670711,"upper_bound":81860.20941484098},"point_estimate":62865.805387317814,"standard_error":8779.943861016698},"Slope":{"confidence_interval":{"confidence_level":0.95,"lower_bound":3309174.4732062286,"upper_bound":3331478.05918542},"point_estimate":3320533.545526821,"standard_error":5715.022704673054},"StdDev":{"confidence_interval":{"confidence_level":0.95,"lower_bound":60114.109785580826,"upper_bound":127988.80621892148},"point_estimate":92592.3656275782,"standard_error":18297.487690173995}}