{"Mean":{"confidence_interval":{"confidence_level":0.95,"lower_bound":-0.053429417134567204,"upper_bound":-0.007466271907261464},"point_estimate":-0.03158678529787107,"standard_error":0.011658493381367289},"Median":{"confidence_interval":{"confidence_level":0.95,"lower_bound":-0.0657387397858978,"upper_bound":-0.037995913967060264},"point_estimate":-0.052684621812418064,"standard_error":0.007042780293068201}}