{"Mean":{"confidence_interval":{"confidence_level":0.95,"lower_bound":-0.09743773459461305,"upper_bound":-0.05411448944851232},"point_estimate":-0.07529842076588988,"standard_error":0.011024368247508042},"Median":{"confidence_interval":{"confidence_level":0.95,"lower_bound":-0.06390011488714421,"upper_bound":-0.048489375084739605},"point_estimate":-0.05531453987540391,"standard_error":0.004521282397098247}}