{"Mean":{"confidence_interval":{"confidence_level":0.95,"lower_bound":0.28075774528354597,"upper_bound":0.33627388315396844},"point_estimate":0.30619310158192703,"standard_error":0.013885788549697712},"Median":{"confidence_interval":{"confidence_level":0.95,"lower_bound":0.28528008004711336,"upper_bound":0.31827371761987333},"point_estimate":0.3001787788346586,"standard_error":0.007985931839803553}}