{"Mean":{"confidence_interval":{"confidence_level":0.95,"lower_bound":2225587.76017623,"upper_bound":2276795.8768357914},"point_estimate":2249207.681134147,"standard_error":13150.534723090084},"Median":{"confidence_interval":{"confidence_level":0.95,"lower_bound":2193728.6511627906,"upper_bound":2247801.2921348317},"point_estimate":2213631.967261905,"standard_error":14233.777394130544},"MedianAbsDev":{"confidence_interval":{"confidence_level":0.95,"lower_bound":54905.39965443328,"upper_bound":88949.91912612534},"point_estimate":70596.46553537631,"standard_error":8398.407640006551},"Slope":{"confidence_interval":{"confidence_level":0.95,"lower_bound":2223489.3820216083,"upper_bound":2245528.2483851584},"point_estimate":2235108.845077582,"standard_error":5615.251787842644},"StdDev":{"confidence_interval":{"confidence_level":0.95,"lower_bound":78395.93545954669,"upper_bound":179212.52536769537},"point_estimate":132547.89390152556,"standard_error":25956.32891218238}}