{"Mean":{"confidence_interval":{"confidence_level":0.95,"lower_bound":2359096.963655537,"upper_bound":2408160.235694632},"point_estimate":2381965.2698408677,"standard_error":12543.222919425201},"Median":{"confidence_interval":{"confidence_level":0.95,"lower_bound":2337383.791666667,"upper_bound":2365110.305042017},"point_estimate":2349648.7189440997,"standard_error":7554.854975140697},"MedianAbsDev":{"confidence_interval":{"confidence_level":0.95,"lower_bound":47413.42151417582,"upper_bound":80188.3499292682},"point_estimate":60659.49179928371,"standard_error":8346.63406732828},"Slope":{"confidence_interval":{"confidence_level":0.95,"lower_bound":2348000.036228665,"upper_bound":2420018.8255524463},"point_estimate":2376148.03490764,"standard_error":19244.288740713382},"StdDev":{"confidence_interval":{"confidence_level":0.95,"lower_bound":78905.72227127606,"upper_bound":165821.73966164343},"point_estimate":125967.74375499415,"standard_error":22081.859572994756}}