{"Mean":{"confidence_interval":{"confidence_level":0.95,"lower_bound":2374224.004853556,"upper_bound":2427708.1968426374},"point_estimate":2397789.357400386,"standard_error":13764.844496198177},"Median":{"confidence_interval":{"confidence_level":0.95,"lower_bound":2377505.0869821096,"upper_bound":2398712.137254902},"point_estimate":2385207.744827586,"standard_error":5338.156686793657},"MedianAbsDev":{"confidence_interval":{"confidence_level":0.95,"lower_bound":31931.37259415206,"upper_bound":62434.70071574991},"point_estimate":47204.03669712858,"standard_error":7900.410473905029},"Slope":{"confidence_interval":{"confidence_level":0.95,"lower_bound":2393129.6559403357,"upper_bound":2413988.1494256756},"point_estimate":2403279.698873947,"standard_error":5321.726581478106},"StdDev":{"confidence_interval":{"confidence_level":0.95,"lower_bound":56679.24384572488,"upper_bound":208024.89854505952},"point_estimate":138740.65762563198,"standard_error":40483.759013781244}}