{"Mean":{"confidence_interval":{"confidence_level":0.95,"lower_bound":2540166.155924498,"upper_bound":2623409.5232948875},"point_estimate":2577579.441731019,"standard_error":21348.734335806726},"Median":{"confidence_interval":{"confidence_level":0.95,"lower_bound":2501063.2565789474,"upper_bound":2531016.707070707},"point_estimate":2505678.963228492,"standard_error":9254.338738953917},"MedianAbsDev":{"confidence_interval":{"confidence_level":0.95,"lower_bound":17258.45565066606,"upper_bound":52057.063645237766},"point_estimate":27973.43507728064,"standard_error":9445.447325669305},"Slope":{"confidence_interval":{"confidence_level":0.95,"lower_bound":2513635.9095493993,"upper_bound":2544642.096583937},"point_estimate":2526886.4793822966,"standard_error":7946.700061561674},"StdDev":{"confidence_interval":{"confidence_level":0.95,"lower_bound":109651.50024439176,"upper_bound":297214.9027258981},"point_estimate":214386.67477741887,"standard_error":47684.12287505995}}