{"Mean":{"confidence_interval":{"confidence_level":0.95,"lower_bound":2355109.02872911,"upper_bound":2405921.933860397},"point_estimate":2377880.294250482,"standard_error":13046.020777637554},"Median":{"confidence_interval":{"confidence_level":0.95,"lower_bound":2336064.5384615385,"upper_bound":2366478.222826087},"point_estimate":2349969.9839430894,"standard_error":7804.255604959241},"MedianAbsDev":{"confidence_interval":{"confidence_level":0.95,"lower_bound":49786.86166955464,"upper_bound":81619.30228454906},"point_estimate":66009.62578068176,"standard_error":7984.558218251653},"Slope":{"confidence_interval":{"confidence_level":0.95,"lower_bound":2339324.000120803,"upper_bound":2368321.080656612},"point_estimate":2352619.927687306,"standard_error":7414.289498246864},"StdDev":{"confidence_interval":{"confidence_level":0.95,"lower_bound":68309.11789928653,"upper_bound":191968.0929614338},"point_estimate":131247.85338609666,"standard_error":33159.5260269205}}