{"Mean":{"confidence_interval":{"confidence_level":0.95,"lower_bound":3942571.4954320765,"upper_bound":4117030.9521219814},"point_estimate":4022751.725672792,"standard_error":44640.61131623196},"Median":{"confidence_interval":{"confidence_level":0.95,"lower_bound":3924862.9213483147,"upper_bound":4029890.404761905},"point_estimate":3976430.9711824125,"standard_error":25527.525399874274},"MedianAbsDev":{"confidence_interval":{"confidence_level":0.95,"lower_bound":146815.01750653566,"upper_bound":300634.112694003},"point_estimate":224883.41568272997,"standard_error":41562.80772879988},"Slope":{"confidence_interval":{"confidence_level":0.95,"lower_bound":4086662.6487624934,"upper_bound":4310056.581526285},"point_estimate":4190728.902713167,"standard_error":56931.52413405571},"StdDev":{"confidence_interval":{"confidence_level":0.95,"lower_bound":274147.3892699949,"upper_bound":624559.2246949889},"point_estimate":449347.9473184733,"standard_error":93386.39632805665}}