{"Mean":{"confidence_interval":{"confidence_level":0.95,"lower_bound":3017558.7554102372,"upper_bound":3134871.873473378},"point_estimate":3071413.0757866604,"standard_error":30020.334104689184},"Median":{"confidence_interval":{"confidence_level":0.95,"lower_bound":2997281.8544090055,"upper_bound":3053871.1241883114},"point_estimate":3038869.983385153,"standard_error":15485.75128612485},"MedianAbsDev":{"confidence_interval":{"confidence_level":0.95,"lower_bound":78298.89423886419,"upper_bound":138933.90864037452},"point_estimate":99630.48966370539,"standard_error":15209.009125769533},"Slope":{"confidence_interval":{"confidence_level":0.95,"lower_bound":3055440.677837102,"upper_bound":3191225.0476345145},"point_estimate":3114496.529170977,"standard_error":34985.812882828075},"StdDev":{"confidence_interval":{"confidence_level":0.95,"lower_bound":163167.84984712471,"upper_bound":411372.38163069444},"point_estimate":301636.0635706722,"standard_error":62196.11335615411}}