{"Mean":{"confidence_interval":{"confidence_level":0.95,"lower_bound":5111247.041798159,"upper_bound":5182518.97774634},"point_estimate":5143393.336261561,"standard_error":18307.32424930196},"Median":{"confidence_interval":{"confidence_level":0.95,"lower_bound":5066148.350877193,"upper_bound":5149563.5344827585},"point_estimate":5101980.848894348,"standard_error":22105.475265653684},"MedianAbsDev":{"confidence_interval":{"confidence_level":0.95,"lower_bound":68372.22284614938,"upper_bound":129023.2993265914},"point_estimate":110677.29411841849,"standard_error":15791.49809658529},"Slope":{"confidence_interval":{"confidence_level":0.95,"lower_bound":5143628.1788145015,"upper_bound":5179720.6196591975},"point_estimate":5162887.695992315,"standard_error":9217.146826111732},"StdDev":{"confidence_interval":{"confidence_level":0.95,"lower_bound":98878.36448354353,"upper_bound":266744.06482644624},"point_estimate":183912.98560345394,"standard_error":44722.4122491759}}