{"Mean":{"confidence_interval":{"confidence_level":0.95,"lower_bound":4320087.9844085295,"upper_bound":4430231.412771405},"point_estimate":4366436.0464024665,"standard_error":28542.575962375187},"Median":{"confidence_interval":{"confidence_level":0.95,"lower_bound":4301057.503357753,"upper_bound":4327904.0175},"point_estimate":4320569.091025641,"standard_error":7001.873898411923},"MedianAbsDev":{"confidence_interval":{"confidence_level":0.95,"lower_bound":48534.3362583432,"upper_bound":79603.3060298182},"point_estimate":69177.02349272787,"standard_error":7774.691885639988},"Slope":{"confidence_interval":{"confidence_level":0.95,"lower_bound":4307580.672800008,"upper_bound":4340351.91108915},"point_estimate":4323570.156527265,"standard_error":8347.159928949575},"StdDev":{"confidence_interval":{"confidence_level":0.95,"lower_bound":99195.31417034568,"upper_bound":454055.50239460735},"point_estimate":287411.8811051338,"standard_error":103149.57390673974}}