{"Mean":{"confidence_interval":{"confidence_level":0.95,"lower_bound":3561597.395933475,"upper_bound":3622822.171141254},"point_estimate":3587778.3161200862,"standard_error":15798.61065211092},"Median":{"confidence_interval":{"confidence_level":0.95,"lower_bound":3547654.25,"upper_bound":3569810.123737374},"point_estimate":3554694.707894737,"standard_error":5107.890435945015},"MedianAbsDev":{"confidence_interval":{"confidence_level":0.95,"lower_bound":32378.01524616104,"upper_bound":62198.63962652245},"point_estimate":43357.25277037647,"standard_error":7535.854976360549},"Slope":{"confidence_interval":{"confidence_level":0.95,"lower_bound":3550930.376867533,"upper_bound":3572680.3444721624},"point_estimate":3561625.499949756,"standard_error":5534.664799445328},"StdDev":{"confidence_interval":{"confidence_level":0.95,"lower_bound":64776.668475023216,"upper_bound":246528.19405409798},"point_estimate":158862.4210405489,"standard_error":52951.49070744014}}