{"Mean":{"confidence_interval":{"confidence_level":0.95,"lower_bound":4277385.835182489,"upper_bound":4361290.153170308},"point_estimate":4310193.45180284,"standard_error":22313.49360554841},"Median":{"confidence_interval":{"confidence_level":0.95,"lower_bound":4271150.876923077,"upper_bound":4287679.485714286},"point_estimate":4278415.956318504,"standard_error":4241.465802167367},"MedianAbsDev":{"confidence_interval":{"confidence_level":0.95,"lower_bound":30874.628892373832,"upper_bound":67469.37036495502},"point_estimate":53517.959678983054,"standard_error":9702.937082991448},"Slope":{"confidence_interval":{"confidence_level":0.95,"lower_bound":4266755.541600069,"upper_bound":4284043.467260656},"point_estimate":4275382.744403724,"standard_error":4425.061369214504},"StdDev":{"confidence_interval":{"confidence_level":0.95,"lower_bound":55269.965088991485,"upper_bound":370973.4038346582},"point_estimate":224790.14330694312,"standard_error":100361.51722902725}}