{"Mean":{"confidence_interval":{"confidence_level":0.95,"lower_bound":6186792.139268722,"upper_bound":6736226.612850222},"point_estimate":6447427.002867414,"standard_error":140498.61276496018},"Median":{"confidence_interval":{"confidence_level":0.95,"lower_bound":5794556.682461874,"upper_bound":6189510.205139631},"point_estimate":5979775.089172479,"standard_error":103853.38654802069},"MedianAbsDev":{"confidence_interval":{"confidence_level":0.95,"lower_bound":451722.91095650126,"upper_bound":909279.6837724812},"point_estimate":576787.4679482131,"standard_error":117326.86519979208},"Slope":{"confidence_interval":{"confidence_level":0.95,"lower_bound":5740383.815606066,"upper_bound":5965292.363997022},"point_estimate":5844085.350311807,"standard_error":57476.58925937314},"StdDev":{"confidence_interval":{"confidence_level":0.95,"lower_bound":1051401.1428079917,"upper_bound":1726363.2738441734},"point_estimate":1415421.53667773,"standard_error":172830.033508863}}