{"Mean":{"confidence_interval":{"confidence_level":0.95,"lower_bound":2712242.3792083836,"upper_bound":2773699.671878508},"point_estimate":2740871.253654657,"standard_error":15786.590666428976},"Median":{"confidence_interval":{"confidence_level":0.95,"lower_bound":2675438.1228070175,"upper_bound":2729865.1656782804},"point_estimate":2700106.681126332,"standard_error":15118.713852688505},"MedianAbsDev":{"confidence_interval":{"confidence_level":0.95,"lower_bound":73621.8058001048,"upper_bound":128743.83545780824},"point_estimate":89899.75747150904,"standard_error":13520.516744923687},"Slope":{"confidence_interval":{"confidence_level":0.95,"lower_bound":2680187.5527865803,"upper_bound":2727474.126379838},"point_estimate":2702672.322145707,"standard_error":12077.176080449695},"StdDev":{"confidence_interval":{"confidence_level":0.95,"lower_bound":102014.97875713962,"upper_bound":210849.0805950682},"point_estimate":158589.98907927534,"standard_error":28198.494187821427}}