{"Mean":{"confidence_interval":{"confidence_level":0.95,"lower_bound":45949.22804537778,"upper_bound":47083.83476040069},"point_estimate":46464.06134960399,"standard_error":290.7118674794682},"Median":{"confidence_interval":{"confidence_level":0.95,"lower_bound":45362.45284090909,"upper_bound":45535.02937915743},"point_estimate":45416.01538357887,"standard_error":42.82144625652277},"MedianAbsDev":{"confidence_interval":{"confidence_level":0.95,"lower_bound":178.54614866622276,"upper_bound":373.64287302533586},"point_estimate":253.3727037716692,"standard_error":46.55727698345928},"Slope":{"confidence_interval":{"confidence_level":0.95,"lower_bound":45470.69490527432,"upper_bound":45786.201168439955},"point_estimate":45609.203073605866,"standard_error":81.46921101482616},"StdDev":{"confidence_interval":{"confidence_level":0.95,"lower_bound":1580.0938233996565,"upper_bound":3971.6365778910617},"point_estimate":2910.728955867692,"standard_error":604.6425374928743}}