{"Mean":{"confidence_interval":{"confidence_level":0.95,"lower_bound":44536.511450530874,"upper_bound":46103.945763172705},"point_estimate":45258.77520131417,"standard_error":401.05070980144876},"Median":{"confidence_interval":{"confidence_level":0.95,"lower_bound":43444.44021164021,"upper_bound":44535.37658143717},"point_estimate":44266.60507246377,"standard_error":302.651345046878},"MedianAbsDev":{"confidence_interval":{"confidence_level":0.95,"lower_bound":1085.089533261066,"upper_bound":2349.0611160695717},"point_estimate":1987.2913938725183,"standard_error":371.0007883527737},"Slope":{"confidence_interval":{"confidence_level":0.95,"lower_bound":44261.09038153275,"upper_bound":46310.50516550973},"point_estimate":45046.061453411865,"standard_error":554.6624087815652},"StdDev":{"confidence_interval":{"confidence_level":0.95,"lower_bound":2310.9975983900254,"upper_bound":5560.407292888506},"point_estimate":4051.662228236492,"standard_error":833.9594055724904}}