{"Mean":{"confidence_interval":{"confidence_level":0.95,"lower_bound":50680.91844488521,"upper_bound":53157.74070560307},"point_estimate":51804.56841606323,"standard_error":633.7564157202868},"Median":{"confidence_interval":{"confidence_level":0.95,"lower_bound":49449.239511823034,"upper_bound":50094.530263157896},"point_estimate":49829.30616041143,"standard_error":133.98150924943295},"MedianAbsDev":{"confidence_interval":{"confidence_level":0.95,"lower_bound":1196.8060922951452,"upper_bound":2272.1309799395726},"point_estimate":1577.5254727995411,"standard_error":284.0263045280084},"Slope":{"confidence_interval":{"confidence_level":0.95,"lower_bound":50011.99629190687,"upper_bound":51031.11141157355},"point_estimate":50485.12920193197,"standard_error":259.4641823565635},"StdDev":{"confidence_interval":{"confidence_level":0.95,"lower_bound":3495.221899271735,"upper_bound":8777.86129985862},"point_estimate":6362.620932892417,"standard_error":1355.1642938836133}}