{"Mean":{"confidence_interval":{"confidence_level":0.95,"lower_bound":51400.44739189873,"upper_bound":52783.44326581331},"point_estimate":52055.6583708736,"standard_error":352.15569581496516},"Median":{"confidence_interval":{"confidence_level":0.95,"lower_bound":50132.04912280702,"upper_bound":51727.43084225716},"point_estimate":50904.18048826353,"standard_error":417.9536606368654},"MedianAbsDev":{"confidence_interval":{"confidence_level":0.95,"lower_bound":1554.7585966423646,"upper_bound":3363.804181037586},"point_estimate":2610.570913710511,"standard_error":479.3055960931032},"Slope":{"confidence_interval":{"confidence_level":0.95,"lower_bound":51156.81721534768,"upper_bound":52419.936213268},"point_estimate":51754.226266323414,"standard_error":322.44736149006775},"StdDev":{"confidence_interval":{"confidence_level":0.95,"lower_bound":2621.5359589470527,"upper_bound":4550.821064788669},"point_estimate":3540.2011584328893,"standard_error":515.5204017974606}}