{"Mean":{"confidence_interval":{"confidence_level":0.95,"lower_bound":46036.57385131938,"upper_bound":48413.283964079244},"point_estimate":47078.379019289,"standard_error":610.2549273058639},"Median":{"confidence_interval":{"confidence_level":0.95,"lower_bound":45317.49512987013,"upper_bound":45824.585939849625},"point_estimate":45653.306565126055,"standard_error":134.77135221965335},"MedianAbsDev":{"confidence_interval":{"confidence_level":0.95,"lower_bound":1149.3610637438444,"upper_bound":1978.5726258442442},"point_estimate":1634.7620747223862,"standard_error":212.52740951879687},"Slope":{"confidence_interval":{"confidence_level":0.95,"lower_bound":45655.86742341733,"upper_bound":48157.03515458755},"point_estimate":46737.03412513106,"standard_error":646.2702995363609},"StdDev":{"confidence_interval":{"confidence_level":0.95,"lower_bound":2749.8209478505173,"upper_bound":9063.586389816115},"point_estimate":6122.225244403705,"standard_error":1666.9865136415797}}