{"Mean":{"confidence_interval":{"confidence_level":0.95,"lower_bound":-0.08600067909973237,"upper_bound":-0.06972916240066515},"point_estimate":-0.07753769849975867,"standard_error":0.00413465103041693},"Median":{"confidence_interval":{"confidence_level":0.95,"lower_bound":-0.07838152450296454,"upper_bound":-0.06275429295360592},"point_estimate":-0.0712332723420992,"standard_error":0.004139679655356351}}