{"Mean":{"confidence_interval":{"confidence_level":0.95,"lower_bound":0.07984020396503166,"upper_bound":0.09870359530529385},"point_estimate":0.08917823670762082,"standard_error":0.004808893778927083},"Median":{"confidence_interval":{"confidence_level":0.95,"lower_bound":0.07069869212263558,"upper_bound":0.08385596347634583},"point_estimate":0.07630261069835753,"standard_error":0.003255430278357287}}