{"Mean":{"confidence_interval":{"confidence_level":0.95,"lower_bound":-0.03778190331007392,"upper_bound":-0.017530016275489654},"point_estimate":-0.02811203730619971,"standard_error":0.005226661361169951},"Median":{"confidence_interval":{"confidence_level":0.95,"lower_bound":-0.03303753156925582,"upper_bound":-0.025753651641556075},"point_estimate":-0.030142077836935788,"standard_error":0.0019054577124430737}}