{"Mean":{"confidence_interval":{"confidence_level":0.95,"lower_bound":-0.05918239897134741,"upper_bound":-0.024992626477589024},"point_estimate":-0.042153731788396875,"standard_error":0.008723896710611965},"Median":{"confidence_interval":{"confidence_level":0.95,"lower_bound":-0.03947780531989342,"upper_bound":-0.021809503053779267},"point_estimate":-0.030172693142107576,"standard_error":0.005270246188639571}}