{"Mean":{"confidence_interval":{"confidence_level":0.95,"lower_bound":-0.021166553667527604,"upper_bound":0.0021342711027167406},"point_estimate":-0.008916671636015838,"standard_error":0.005935140278488018},"Median":{"confidence_interval":{"confidence_level":0.95,"lower_bound":-0.0126892600244685,"upper_bound":0.00809204359472604},"point_estimate":-0.0032343447566128836,"standard_error":0.005554436842424923}}