{"Mean":{"confidence_interval":{"confidence_level":0.95,"lower_bound":-0.1279850302544892,"upper_bound":-0.01641883031956},"point_estimate":-0.07222653435898463,"standard_error":0.02852597390518203},"Median":{"confidence_interval":{"confidence_level":0.95,"lower_bound":0.056133019985398436,"upper_bound":0.08688898784135568},"point_estimate":0.07516775471913184,"standard_error":0.008013113704341261}}