{"Mean":{"confidence_interval":{"confidence_level":0.95,"lower_bound":0.019443481336923644,"upper_bound":0.05296542261351027},"point_estimate":0.03572865475496556,"standard_error":0.008371569450333913},"Median":{"confidence_interval":{"confidence_level":0.95,"lower_bound":0.02115838385090954,"upper_bound":0.03218645272220266},"point_estimate":0.027446289703592086,"standard_error":0.002630311917580084}}