{"Mean":{"confidence_interval":{"confidence_level":0.95,"lower_bound":30283.612212154403,"upper_bound":30915.787956539738},"point_estimate":30539.595909599066,"standard_error":165.24541922956087},"Median":{"confidence_interval":{"confidence_level":0.95,"lower_bound":30080.421875,"upper_bound":30197.164930555555},"point_estimate":30137.31886574074,"standard_error":33.455968927889046},"MedianAbsDev":{"confidence_interval":{"confidence_level":0.95,"lower_bound":172.8531589030789,"upper_bound":339.37056610797856},"point_estimate":249.74965314877977,"standard_error":43.02261667269048},"Slope":{"confidence_interval":{"confidence_level":0.95,"lower_bound":30152.624552672183,"upper_bound":30366.636706699734},"point_estimate":30252.318408729865,"standard_error":54.697179659963695},"StdDev":{"confidence_interval":{"confidence_level":0.95,"lower_bound":553.7032972072556,"upper_bound":2662.5274662464262},"point_estimate":1656.7886131805776,"standard_error":656.5120549839926}}