{"Mean":{"confidence_interval":{"confidence_level":0.95,"lower_bound":30876.834893274987,"upper_bound":32164.31405301417},"point_estimate":31451.573307716408,"standard_error":331.30254734334704},"Median":{"confidence_interval":{"confidence_level":0.95,"lower_bound":30598.37181663837,"upper_bound":30882.659186535766},"point_estimate":30717.781269630123,"standard_error":69.40828593126423},"MedianAbsDev":{"confidence_interval":{"confidence_level":0.95,"lower_bound":619.9168948027142,"upper_bound":1170.7409387459884},"point_estimate":902.0853306657219,"standard_error":138.64286082468428},"Slope":{"confidence_interval":{"confidence_level":0.95,"lower_bound":30621.11816085918,"upper_bound":30887.688009712037},"point_estimate":30751.79396015769,"standard_error":67.79573662929316},"StdDev":{"confidence_interval":{"confidence_level":0.95,"lower_bound":1578.6184160087037,"upper_bound":4744.356635109305},"point_estimate":3315.486156920004,"standard_error":812.2175616049437}}