{"Mean":{"confidence_interval":{"confidence_level":0.95,"lower_bound":30125.033001271073,"upper_bound":30936.58632177701},"point_estimate":30482.34694906416,"standard_error":208.29598720338743},"Median":{"confidence_interval":{"confidence_level":0.95,"lower_bound":29902.487666034154,"upper_bound":30446.724617996606},"point_estimate":30124.607971373815,"standard_error":156.19605470132421},"MedianAbsDev":{"confidence_interval":{"confidence_level":0.95,"lower_bound":985.8372550537216,"upper_bound":1742.6578218060195},"point_estimate":1361.381780582423,"standard_error":202.05582584287194},"Slope":{"confidence_interval":{"confidence_level":0.95,"lower_bound":30193.3338922493,"upper_bound":30774.96888487304},"point_estimate":30481.904463978415,"standard_error":147.5159863548184},"StdDev":{"confidence_interval":{"confidence_level":0.95,"lower_bound":1149.1234648784862,"upper_bound":3118.157333812704},"point_estimate":2089.407425222382,"standard_error":611.9390569185015}}