{"Mean":{"confidence_interval":{"confidence_level":0.95,"lower_bound":6606084.702692666,"upper_bound":6679719.81598703},"point_estimate":6640329.098669266,"standard_error":18918.097236306636},"Median":{"confidence_interval":{"confidence_level":0.95,"lower_bound":6615592.484848484,"upper_bound":6656367.224489796},"point_estimate":6637419.2450980395,"standard_error":11017.883549927767},"MedianAbsDev":{"confidence_interval":{"confidence_level":0.95,"lower_bound":56381.39492069715,"upper_bound":124842.89805922791},"point_estimate":78153.62939999542,"standard_error":17780.265970332584},"Slope":{"confidence_interval":{"confidence_level":0.95,"lower_bound":6616860.125025179,"upper_bound":6666760.153069992},"point_estimate":6638980.904403724,"standard_error":12675.107923393345},"StdDev":{"confidence_interval":{"confidence_level":0.95,"lower_bound":115446.41300346216,"upper_bound":265701.4905960816},"point_estimate":190747.58150663797,"standard_error":39854.931660988485}}