{"Mean":{"confidence_interval":{"confidence_level":0.95,"lower_bound":6483616.816588558,"upper_bound":6576827.525495717},"point_estimate":6526573.056213302,"standard_error":23855.145285886945},"Median":{"confidence_interval":{"confidence_level":0.95,"lower_bound":6484109.782608695,"upper_bound":6553998.151363636},"point_estimate":6522033.393870315,"standard_error":17519.686769121297},"MedianAbsDev":{"confidence_interval":{"confidence_level":0.95,"lower_bound":97008.51372492482,"upper_bound":170467.56585359614},"point_estimate":129500.14602304176,"standard_error":18064.910022030526},"Slope":{"confidence_interval":{"confidence_level":0.95,"lower_bound":6465964.775619519,"upper_bound":6533643.060976728},"point_estimate":6498570.906806561,"standard_error":17205.125800461632},"StdDev":{"confidence_interval":{"confidence_level":0.95,"lower_bound":140709.60017659646,"upper_bound":324634.013829926},"point_estimate":239464.50032466766,"standard_error":47258.54888377571}}