{"Mean":{"confidence_interval":{"confidence_level":0.95,"lower_bound":3344633.7448989907,"upper_bound":3387162.0775327035},"point_estimate":3363675.379304249,"standard_error":10931.58616070562},"Median":{"confidence_interval":{"confidence_level":0.95,"lower_bound":3328472.371621622,"upper_bound":3342384.762886598},"point_estimate":3332340.5921885995,"standard_error":4239.944425081447},"MedianAbsDev":{"confidence_interval":{"confidence_level":0.95,"lower_bound":18868.019957350083,"upper_bound":36536.20383727649},"point_estimate":30891.226883546624,"standard_error":4352.682633457695},"Slope":{"confidence_interval":{"confidence_level":0.95,"lower_bound":3338095.672580012,"upper_bound":3363882.288584454},"point_estimate":3349415.9310861533,"standard_error":6624.780538857203},"StdDev":{"confidence_interval":{"confidence_level":0.95,"lower_bound":55741.60594476813,"upper_bound":157352.04755736454},"point_estimate":109999.11827359002,"standard_error":26471.721040641176}}