{"Mean":{"confidence_interval":{"confidence_level":0.95,"lower_bound":4409713.749416805,"upper_bound":4750112.988565087},"point_estimate":4560652.099448141,"standard_error":87725.32227211383},"Median":{"confidence_interval":{"confidence_level":0.95,"lower_bound":4307498.242424242,"upper_bound":4346233.1034482755},"point_estimate":4329827.386107719,"standard_error":9130.404396368942},"MedianAbsDev":{"confidence_interval":{"confidence_level":0.95,"lower_bound":56544.43172120873,"upper_bound":108913.834045761},"point_estimate":74774.1119842962,"standard_error":13297.677874591347},"Slope":{"confidence_interval":{"confidence_level":0.95,"lower_bound":4341932.153467129,"upper_bound":4460165.206826526},"point_estimate":4391589.984711098,"standard_error":30414.615785852322},"StdDev":{"confidence_interval":{"confidence_level":0.95,"lower_bound":403254.3791455629,"upper_bound":1294887.0274558833},"point_estimate":882140.5887344272,"standard_error":232943.72463218318}}