{"Mean":{"confidence_interval":{"confidence_level":0.95,"lower_bound":4018185.709987335,"upper_bound":4258385.351074786},"point_estimate":4133961.5263217576,"standard_error":61202.76424475471},"Median":{"confidence_interval":{"confidence_level":0.95,"lower_bound":3837200.75,"upper_bound":4057069.646232439},"point_estimate":3919387.2881944445,"standard_error":62176.68063191854},"MedianAbsDev":{"confidence_interval":{"confidence_level":0.95,"lower_bound":292665.65184672264,"upper_bound":571267.6635567502},"point_estimate":405926.8590854411,"standard_error":74429.31074346209},"Slope":{"confidence_interval":{"confidence_level":0.95,"lower_bound":4143191.13110529,"upper_bound":4488011.414660964},"point_estimate":4312107.284383035,"standard_error":87848.53052997746},"StdDev":{"confidence_interval":{"confidence_level":0.95,"lower_bound":490856.15126681456,"upper_bound":728899.3413016062},"point_estimate":616217.4493985089,"standard_error":61022.77725702703}}