{"Mean":{"confidence_interval":{"confidence_level":0.95,"lower_bound":2857016.824993075,"upper_bound":2931193.9054052727},"point_estimate":2887868.352646133,"standard_error":19296.14812730786},"Median":{"confidence_interval":{"confidence_level":0.95,"lower_bound":2834648.988235294,"upper_bound":2851004.8819408407},"point_estimate":2842828.174242424,"standard_error":4296.209229776474},"MedianAbsDev":{"confidence_interval":{"confidence_level":0.95,"lower_bound":25822.58497549965,"upper_bound":49196.86202772164},"point_estimate":38149.86414731489,"standard_error":5996.211681850391},"Slope":{"confidence_interval":{"confidence_level":0.95,"lower_bound":2842448.7855983437,"upper_bound":2868204.4402395035},"point_estimate":2854284.096255357,"standard_error":6635.2495311911525},"StdDev":{"confidence_interval":{"confidence_level":0.95,"lower_bound":61553.110992354406,"upper_bound":307660.41983983037},"point_estimate":194204.9479760061,"standard_error":70260.84098609044}}