{"Mean":{"confidence_interval":{"confidence_level":0.95,"lower_bound":2821710.647787155,"upper_bound":2877960.724504761},"point_estimate":2846993.5897480375,"standard_error":14418.772131252463},"Median":{"confidence_interval":{"confidence_level":0.95,"lower_bound":2802161.4166666665,"upper_bound":2806448.975},"point_estimate":2803791.5646599773,"standard_error":1026.7657954139474},"MedianAbsDev":{"confidence_interval":{"confidence_level":0.95,"lower_bound":10308.40496164203,"upper_bound":20165.786803676816},"point_estimate":13782.978435615105,"standard_error":2478.1970130273735},"Slope":{"confidence_interval":{"confidence_level":0.95,"lower_bound":2802540.3859397946,"upper_bound":2824616.8379251985},"point_estimate":2811852.591760012,"standard_error":5653.329982212623},"StdDev":{"confidence_interval":{"confidence_level":0.95,"lower_bound":75887.73876757131,"upper_bound":205011.32203453348},"point_estimate":145119.5296636556,"standard_error":33271.34384399789}}