{"Mean":{"confidence_interval":{"confidence_level":0.95,"lower_bound":4246453.861535623,"upper_bound":4521161.843662506},"point_estimate":4373754.974931834,"standard_error":70470.58999760302},"Median":{"confidence_interval":{"confidence_level":0.95,"lower_bound":4103153.635416667,"upper_bound":4193798.5},"point_estimate":4153050.082628497,"standard_error":23148.63869151303},"MedianAbsDev":{"confidence_interval":{"confidence_level":0.95,"lower_bound":166844.20383610472,"upper_bound":366101.6833274802},"point_estimate":273552.09218736005,"standard_error":53744.05248441996},"Slope":{"confidence_interval":{"confidence_level":0.95,"lower_bound":4160461.517568035,"upper_bound":4482125.889550505},"point_estimate":4312290.131863455,"standard_error":82246.10093523456},"StdDev":{"confidence_interval":{"confidence_level":0.95,"lower_bound":432455.3543016042,"upper_bound":961512.6976812822},"point_estimate":709571.8442274448,"standard_error":137547.99646482707}}