{"Mean":{"confidence_interval":{"confidence_level":0.95,"lower_bound":0.039678518920782814,"upper_bound":0.06433865750976896},"point_estimate":0.05255816216172793,"standard_error":0.0062743195791496184},"Median":{"confidence_interval":{"confidence_level":0.95,"lower_bound":0.04458138147271333,"upper_bound":0.06440414127077965},"point_estimate":0.052482829531267816,"standard_error":0.0055987223649217035}}