{"Mean":{"confidence_interval":{"confidence_level":0.95,"lower_bound":-0.21692594914922392,"upper_bound":-0.19828540889165067},"point_estimate":-0.20830287098412914,"standard_error":0.0048817994756593175},"Median":{"confidence_interval":{"confidence_level":0.95,"lower_bound":-0.21291644959341116,"upper_bound":-0.20515511374638676},"point_estimate":-0.20922934716843544,"standard_error":0.0019413021435605666}}