{"Mean":{"confidence_interval":{"confidence_level":0.95,"lower_bound":-0.24496163790279854,"upper_bound":-0.16470378274021072},"point_estimate":-0.2048509283785056,"standard_error":0.020488779483022537},"Median":{"confidence_interval":{"confidence_level":0.95,"lower_bound":-0.14281109066121278,"upper_bound":-0.0940027300860089},"point_estimate":-0.11459100626592666,"standard_error":0.011888376592016818}}