{"Mean":{"confidence_interval":{"confidence_level":0.95,"lower_bound":-0.1317296482180856,"upper_bound":-0.10779347233023923},"point_estimate":-0.12072366445669669,"standard_error":0.00617181166966536},"Median":{"confidence_interval":{"confidence_level":0.95,"lower_bound":-0.13189457582315534,"upper_bound":-0.12064480275647484},"point_estimate":-0.12552767058589098,"standard_error":0.002811491301837345}}