{"Mean":{"confidence_interval":{"confidence_level":0.95,"lower_bound":-0.0055362463672601284,"upper_bound":0.01902175800436165},"point_estimate":0.007786900581929768,"standard_error":0.006274664658430183},"Median":{"confidence_interval":{"confidence_level":0.95,"lower_bound":0.013966442586583527,"upper_bound":0.01905905720356893},"point_estimate":0.01670988110526106,"standard_error":0.001285519209768272}}