{"Mean":{"confidence_interval":{"confidence_level":0.95,"lower_bound":0.023551233259969096,"upper_bound":0.04188083647074792},"point_estimate":0.03265752330538407,"standard_error":0.0047080974100670745},"Median":{"confidence_interval":{"confidence_level":0.95,"lower_bound":0.029060610671036047,"upper_bound":0.03427638311184622},"point_estimate":0.03187207098150813,"standard_error":0.0013366210415229017}}