{"Mean":{"confidence_interval":{"confidence_level":0.95,"lower_bound":-0.05658305585681032,"upper_bound":-0.027096724490786237},"point_estimate":-0.042931470015960316,"standard_error":0.007531684491656501},"Median":{"confidence_interval":{"confidence_level":0.95,"lower_bound":-0.05591681073703547,"upper_bound":-0.04605360356201749},"point_estimate":-0.05132619489700352,"standard_error":0.0024238814095543944}}