{"Mean":{"confidence_interval":{"confidence_level":0.95,"lower_bound":-0.514190192104252,"upper_bound":-0.497348887399277},"point_estimate":-0.5069767694882354,"standard_error":0.0042689952940077455},"Median":{"confidence_interval":{"confidence_level":0.95,"lower_bound":-0.5116403447946793,"upper_bound":-0.5095619355358603},"point_estimate":-0.5105666815766329,"standard_error":0.0005164186949999566}}