{"Mean":{"confidence_interval":{"confidence_level":0.95,"lower_bound":-0.2018902261618909,"upper_bound":-0.12092271743890734},"point_estimate":-0.16022125140185728,"standard_error":0.02072076719576865},"Median":{"confidence_interval":{"confidence_level":0.95,"lower_bound":-0.08643238885810822,"upper_bound":-0.05949040971197639},"point_estimate":-0.0672719513581741,"standard_error":0.007645169241128785}}