{"Mean":{"confidence_interval":{"confidence_level":0.95,"lower_bound":-0.03721452962405148,"upper_bound":-0.018441723957230986},"point_estimate":-0.028502635949528954,"standard_error":0.004754074087294953},"Median":{"confidence_interval":{"confidence_level":0.95,"lower_bound":-0.034810756405456555,"upper_bound":-0.029594992735129444},"point_estimate":-0.0320626726176495,"standard_error":0.00126760140658984}}