{"Mean":{"confidence_interval":{"confidence_level":0.95,"lower_bound":-0.05897463592490235,"upper_bound":-0.022848017995590265},"point_estimate":-0.04106955271271606,"standard_error":0.009148744285536824},"Median":{"confidence_interval":{"confidence_level":0.95,"lower_bound":-0.04429422549731295,"upper_bound":-0.03240198661047433},"point_estimate":-0.03862404196133873,"standard_error":0.0029385529707830543}}