{"Mean":{"confidence_interval":{"confidence_level":0.95,"lower_bound":0.5253815086132403,"upper_bound":0.6441009571890419},"point_estimate":0.5809902133000784,"standard_error":0.029743808033031248},"Median":{"confidence_interval":{"confidence_level":0.95,"lower_bound":0.4823803193697309,"upper_bound":0.5818583679574452},"point_estimate":0.5429034210455466,"standard_error":0.026702177991349437}}