{"Mean":{"confidence_interval":{"confidence_level":0.95,"lower_bound":-0.0661352700231847,"upper_bound":-0.029669827490342002},"point_estimate":-0.047916247956326985,"standard_error":0.009316200719790732},"Median":{"confidence_interval":{"confidence_level":0.95,"lower_bound":-0.07627644050921449,"upper_bound":-0.0371346521850473},"point_estimate":-0.06517512766528488,"standard_error":0.008340360524729175}}