{"Mean":{"confidence_interval":{"confidence_level":0.95,"lower_bound":-0.09949619248234139,"upper_bound":-0.027053588887111932},"point_estimate":-0.06369093270420645,"standard_error":0.01851153995932828},"Median":{"confidence_interval":{"confidence_level":0.95,"lower_bound":-0.06705551067547366,"upper_bound":-0.0304337490219857},"point_estimate":-0.056403558576379575,"standard_error":0.009983689335324189}}