{"Mean":{"confidence_interval":{"confidence_level":0.95,"lower_bound":0.010237674650779582,"upper_bound":0.07247199122363954},"point_estimate":0.040204442340322055,"standard_error":0.015826222702775557},"Median":{"confidence_interval":{"confidence_level":0.95,"lower_bound":0.02133444896433545,"upper_bound":0.05043079677757247},"point_estimate":0.031326131524933576,"standard_error":0.0077141004725484845}}