{"Mean":{"confidence_interval":{"confidence_level":0.95,"lower_bound":-0.04642942687286768,"upper_bound":-0.0041371130011097134},"point_estimate":-0.025940180717760053,"standard_error":0.010805371910294686},"Median":{"confidence_interval":{"confidence_level":0.95,"lower_bound":-0.04027858962302295,"upper_bound":-0.01919033077316006},"point_estimate":-0.025308479870092215,"standard_error":0.006154594658915469}}