{"Mean":{"confidence_interval":{"confidence_level":0.95,"lower_bound":0.05698616308292426,"upper_bound":0.09602855984581793},"point_estimate":0.07611187885871096,"standard_error":0.010008367243208308},"Median":{"confidence_interval":{"confidence_level":0.95,"lower_bound":0.04359963036664172,"upper_bound":0.09302921806041262},"point_estimate":0.06843534382227912,"standard_error":0.012236389639232096}}