{"Mean":{"confidence_interval":{"confidence_level":0.95,"lower_bound":0.02233925353028661,"upper_bound":0.06513772302433882},"point_estimate":0.04519375847381202,"standard_error":0.010879231502563057},"Median":{"confidence_interval":{"confidence_level":0.95,"lower_bound":0.042992849863252365,"upper_bound":0.05062767633332399},"point_estimate":0.047023628341896107,"standard_error":0.001997035141915408}}