{"Mean":{"confidence_interval":{"confidence_level":0.95,"lower_bound":5424202.606535052,"upper_bound":5524386.145965468},"point_estimate":5471195.926544555,"standard_error":25667.167205834474},"Median":{"confidence_interval":{"confidence_level":0.95,"lower_bound":5359008.9186046515,"upper_bound":5391890.783505155},"point_estimate":5375673.325757576,"standard_error":9428.989294439836},"MedianAbsDev":{"confidence_interval":{"confidence_level":0.95,"lower_bound":44573.999968434124,"upper_bound":86004.07606516728},"point_estimate":64279.97021288233,"standard_error":10512.018419465547},"Slope":{"confidence_interval":{"confidence_level":0.95,"lower_bound":5458647.824098333,"upper_bound":5595964.5225449465},"point_estimate":5525372.8504300285,"standard_error":35177.65024924044},"StdDev":{"confidence_interval":{"confidence_level":0.95,"lower_bound":185882.0630666753,"upper_bound":319291.4307067678},"point_estimate":258045.86031290024,"standard_error":34089.830228283616}}