{"Mean":{"confidence_interval":{"confidence_level":0.95,"lower_bound":2454728.6400309145,"upper_bound":2526528.083286149},"point_estimate":2486584.5120441173,"standard_error":18434.99631735336},"Median":{"confidence_interval":{"confidence_level":0.95,"lower_bound":2428914.2758838385,"upper_bound":2440445.5},"point_estimate":2432475.105855856,"standard_error":3519.011511151289},"MedianAbsDev":{"confidence_interval":{"confidence_level":0.95,"lower_bound":18351.477377442643,"upper_bound":38078.739030418845},"point_estimate":25613.35187357242,"standard_error":4981.692800490731},"Slope":{"confidence_interval":{"confidence_level":0.95,"lower_bound":2454027.784202935,"upper_bound":2618410.139244707},"point_estimate":2526139.4580345796,"standard_error":42644.96057562262},"StdDev":{"confidence_interval":{"confidence_level":0.95,"lower_bound":80788.04805340573,"upper_bound":268285.69375568046},"point_estimate":185370.95791803818,"standard_error":48201.91786651547}}