{"Mean":{"confidence_interval":{"confidence_level":0.95,"lower_bound":5276800.011194519,"upper_bound":5358005.121332207},"point_estimate":5313574.294841723,"standard_error":20833.44183984759},"Median":{"confidence_interval":{"confidence_level":0.95,"lower_bound":5285891.64,"upper_bound":5342749.442622951},"point_estimate":5312055.478571428,"standard_error":11968.7634912868},"MedianAbsDev":{"confidence_interval":{"confidence_level":0.95,"lower_bound":63065.09895127644,"upper_bound":127379.50502494481},"point_estimate":98034.25705829018,"standard_error":16948.51945492079},"Slope":{"confidence_interval":{"confidence_level":0.95,"lower_bound":5258541.617615319,"upper_bound":5333634.897746651},"point_estimate":5292020.459881779,"standard_error":19266.72703482228},"StdDev":{"confidence_interval":{"confidence_level":0.95,"lower_bound":105801.96864823671,"upper_bound":300976.6229878107},"point_estimate":209649.91015434408,"standard_error":50413.627576110775}}