{"Mean":{"confidence_interval":{"confidence_level":0.95,"lower_bound":7137861.006674501,"upper_bound":7277273.665734227},"point_estimate":7199867.057426239,"standard_error":35938.40800559671},"Median":{"confidence_interval":{"confidence_level":0.95,"lower_bound":7109957.735294118,"upper_bound":7175369.277777778},"point_estimate":7142760.9437275985,"standard_error":15578.075560023402},"MedianAbsDev":{"confidence_interval":{"confidence_level":0.95,"lower_bound":99345.73809028315,"upper_bound":164850.36536726332},"point_estimate":132290.94635862476,"standard_error":16544.704954571713},"Slope":{"confidence_interval":{"confidence_level":0.95,"lower_bound":7130289.939938183,"upper_bound":7447666.887076206},"point_estimate":7272168.806005616,"standard_error":81582.04287603081},"StdDev":{"confidence_interval":{"confidence_level":0.95,"lower_bound":153942.66251841473,"upper_bound":522358.97782675555},"point_estimate":360654.75065013673,"standard_error":94113.03636746835}}