{"Mean":{"confidence_interval":{"confidence_level":0.95,"lower_bound":5206304.124176616,"upper_bound":5285045.976058891},"point_estimate":5239155.646494366,"standard_error":20480.849787248368},"Median":{"confidence_interval":{"confidence_level":0.95,"lower_bound":5191870.071428572,"upper_bound":5209751.415797317},"point_estimate":5199984.498559539,"standard_error":4351.121201242314},"MedianAbsDev":{"confidence_interval":{"confidence_level":0.95,"lower_bound":32760.00040916248,"upper_bound":54968.154898143315},"point_estimate":46494.97836131347,"standard_error":5509.162323612123},"Slope":{"confidence_interval":{"confidence_level":0.95,"lower_bound":5217115.239677744,"upper_bound":5237917.420229788},"point_estimate":5227634.794913551,"standard_error":5311.174155094756},"StdDev":{"confidence_interval":{"confidence_level":0.95,"lower_bound":45925.8642246659,"upper_bound":325493.33451206406},"point_estimate":204932.29169321098,"standard_error":73721.68512379283}}