{"Mean":{"confidence_interval":{"confidence_level":0.95,"lower_bound":1960315.2077976835,"upper_bound":1993206.6303481276},"point_estimate":1974712.6928407387,"standard_error":8482.085146363324},"Median":{"confidence_interval":{"confidence_level":0.95,"lower_bound":1944212.5384615385,"upper_bound":1952923.1708494208},"point_estimate":1946829.4642018778,"standard_error":2072.4856571180594},"MedianAbsDev":{"confidence_interval":{"confidence_level":0.95,"lower_bound":8319.031375384548,"upper_bound":19096.15640144906},"point_estimate":12319.639646986609,"standard_error":2739.0555566803346},"Slope":{"confidence_interval":{"confidence_level":0.95,"lower_bound":1947942.1535250258,"upper_bound":1958958.4330730338},"point_estimate":1953031.9795300723,"standard_error":2816.1705306907247},"StdDev":{"confidence_interval":{"confidence_level":0.95,"lower_bound":38755.81484620675,"upper_bound":128241.12213298054},"point_estimate":85329.86466924245,"standard_error":24416.280820767948}}