{"Mean":{"confidence_interval":{"confidence_level":0.95,"lower_bound":2033883.9099239889,"upper_bound":2083351.5702282146},"point_estimate":2056100.6269336336,"standard_error":12673.662400096844},"Median":{"confidence_interval":{"confidence_level":0.95,"lower_bound":2006285.5525282277,"upper_bound":2037463.2173913044},"point_estimate":2014495.2777883518,"standard_error":7188.978678347069},"MedianAbsDev":{"confidence_interval":{"confidence_level":0.95,"lower_bound":35171.017351394694,"upper_bound":70590.60870744412},"point_estimate":50241.772846402346,"standard_error":8587.617029642923},"Slope":{"confidence_interval":{"confidence_level":0.95,"lower_bound":2015626.9190716925,"upper_bound":2032488.4408833205},"point_estimate":2023703.5256627752,"standard_error":4316.912236514942},"StdDev":{"confidence_interval":{"confidence_level":0.95,"lower_bound":67047.00954205889,"upper_bound":181894.23876272663},"point_estimate":127294.76975013498,"standard_error":30332.93680874058}}