{"Mean":{"confidence_interval":{"confidence_level":0.95,"lower_bound":4457732.738898624,"upper_bound":4561741.6954665445},"point_estimate":4502401.755175673,"standard_error":26730.75212778914},"Median":{"confidence_interval":{"confidence_level":0.95,"lower_bound":4409341.857142857,"upper_bound":4455224.866666666},"point_estimate":4436148.774085684,"standard_error":11229.22067431844},"MedianAbsDev":{"confidence_interval":{"confidence_level":0.95,"lower_bound":56328.63156173284,"upper_bound":107380.2375087362},"point_estimate":84904.69709026831,"standard_error":12288.604808988408},"Slope":{"confidence_interval":{"confidence_level":0.95,"lower_bound":4429670.048167554,"upper_bound":4464728.891107637},"point_estimate":4446768.274346092,"standard_error":8917.758000030091},"StdDev":{"confidence_interval":{"confidence_level":0.95,"lower_bound":121568.71800828156,"upper_bound":411552.4033755576},"point_estimate":268489.20592464786,"standard_error":85712.4994981904}}