{"Mean":{"confidence_interval":{"confidence_level":0.95,"lower_bound":2204851.240150522,"upper_bound":2250866.7799559645},"point_estimate":2224423.2767336704,"standard_error":11913.750856579542},"Median":{"confidence_interval":{"confidence_level":0.95,"lower_bound":2201617.092592593,"upper_bound":2221296.245283019},"point_estimate":2209288.314289502,"standard_error":4768.439904612195},"MedianAbsDev":{"confidence_interval":{"confidence_level":0.95,"lower_bound":26802.95792410113,"upper_bound":51637.18311080651},"point_estimate":39891.56840705377,"standard_error":6083.206806555002},"Slope":{"confidence_interval":{"confidence_level":0.95,"lower_bound":2205995.272133127,"upper_bound":2216462.8332153205},"point_estimate":2211216.7221693513,"standard_error":2655.3993122191787},"StdDev":{"confidence_interval":{"confidence_level":0.95,"lower_bound":41439.25114905952,"upper_bound":187513.02844456237},"point_estimate":120358.22315351944,"standard_error":40342.860951737}}