{"Mean":{"confidence_interval":{"confidence_level":0.95,"lower_bound":6294893.948964184,"upper_bound":6385861.533550451},"point_estimate":6335370.037584137,"standard_error":23443.29547698276},"Median":{"confidence_interval":{"confidence_level":0.95,"lower_bound":6269971.372340426,"upper_bound":6294772.685137139},"point_estimate":6283792.598416289,"standard_error":6477.563500829604},"MedianAbsDev":{"confidence_interval":{"confidence_level":0.95,"lower_bound":35750.15959876249,"upper_bound":64913.91740494907},"point_estimate":52142.66994577986,"standard_error":7732.405358855234},"Slope":{"confidence_interval":{"confidence_level":0.95,"lower_bound":6273450.127492381,"upper_bound":6304905.9609889025},"point_estimate":6287803.287418353,"standard_error":7949.141405797216},"StdDev":{"confidence_interval":{"confidence_level":0.95,"lower_bound":101128.14997473152,"upper_bound":336038.4869014124},"point_estimate":235603.69472604452,"standard_error":58771.94544762098}}