{"Mean":{"confidence_interval":{"confidence_level":0.95,"lower_bound":5637613.688893807,"upper_bound":5717887.930186248},"point_estimate":5670252.095545427,"standard_error":21264.90506917579},"Median":{"confidence_interval":{"confidence_level":0.95,"lower_bound":5624993.277777778,"upper_bound":5640245.427124066},"point_estimate":5631542.422222222,"standard_error":4071.039088486091},"MedianAbsDev":{"confidence_interval":{"confidence_level":0.95,"lower_bound":19070.488382483712,"upper_bound":32580.557742895104},"point_estimate":24551.380165212948,"standard_error":3835.617239312506},"Slope":{"confidence_interval":{"confidence_level":0.95,"lower_bound":5634393.570676816,"upper_bound":5650467.821504765},"point_estimate":5641885.869224176,"standard_error":4105.290996116439},"StdDev":{"confidence_interval":{"confidence_level":0.95,"lower_bound":30251.643486482,"upper_bound":343267.7230198633},"point_estimate":214354.19290977909,"standard_error":86214.77577153106}}