{"Mean":{"confidence_interval":{"confidence_level":0.95,"lower_bound":5087499.0102031445,"upper_bound":5162150.0094020115},"point_estimate":5120576.516361773,"standard_error":19070.209358319597},"Median":{"confidence_interval":{"confidence_level":0.95,"lower_bound":5052708.878378378,"upper_bound":5098394.268656717},"point_estimate":5072943.5625,"standard_error":10768.772399379784},"MedianAbsDev":{"confidence_interval":{"confidence_level":0.95,"lower_bound":70382.07142431688,"upper_bound":120497.18608474765},"point_estimate":93587.33320642763,"standard_error":12622.754302111254},"Slope":{"confidence_interval":{"confidence_level":0.95,"lower_bound":5060001.432817814,"upper_bound":5095491.848806247},"point_estimate":5076632.340203931,"standard_error":9028.376792506362},"StdDev":{"confidence_interval":{"confidence_level":0.95,"lower_bound":109860.67648466027,"upper_bound":279912.2091203187},"point_estimate":190881.07223640571,"standard_error":51266.309980153135}}