{"Mean":{"confidence_interval":{"confidence_level":0.95,"lower_bound":3582165.360547737,"upper_bound":3632164.2624952206},"point_estimate":3604985.5281069176,"standard_error":12839.063986086305},"Median":{"confidence_interval":{"confidence_level":0.95,"lower_bound":3556335.191011236,"upper_bound":3584235.6500000004},"point_estimate":3567726.0848896434,"standard_error":7127.428635284654},"MedianAbsDev":{"confidence_interval":{"confidence_level":0.95,"lower_bound":35840.198793709234,"upper_bound":65653.54882754879},"point_estimate":53872.864317045176,"standard_error":7428.818950865946},"Slope":{"confidence_interval":{"confidence_level":0.95,"lower_bound":3568929.389562591,"upper_bound":3658005.2875404977},"point_estimate":3603174.2599645336,"standard_error":24114.59035810883},"StdDev":{"confidence_interval":{"confidence_level":0.95,"lower_bound":70222.17820782925,"upper_bound":179888.6314068769},"point_estimate":129216.30427464865,"standard_error":28208.152936000788}}