{"Mean":{"confidence_interval":{"confidence_level":0.95,"lower_bound":3209537.423286663,"upper_bound":3243557.5785242408},"point_estimate":3225586.515418279,"standard_error":8706.133616788655},"Median":{"confidence_interval":{"confidence_level":0.95,"lower_bound":3201395.783003103,"upper_bound":3228808.1761363633},"point_estimate":3213802.0477311644,"standard_error":7102.126361673659},"MedianAbsDev":{"confidence_interval":{"confidence_level":0.95,"lower_bound":41681.33048557653,"upper_bound":68808.19608085795},"point_estimate":55902.597302532624,"standard_error":6699.017859146271},"Slope":{"confidence_interval":{"confidence_level":0.95,"lower_bound":3207083.5246086298,"upper_bound":3239729.299911103},"point_estimate":3221747.741315206,"standard_error":8380.348558329591},"StdDev":{"confidence_interval":{"confidence_level":0.95,"lower_bound":56762.64542693679,"upper_bound":114911.35800209428},"point_estimate":87489.37322542933,"standard_error":14908.225471915868}}