{"Mean":{"confidence_interval":{"confidence_level":0.95,"lower_bound":3241910.844189856,"upper_bound":3314046.839035328},"point_estimate":3273882.8383151353,"standard_error":18538.863830901202},"Median":{"confidence_interval":{"confidence_level":0.95,"lower_bound":3215966.96,"upper_bound":3233630.4204545454},"point_estimate":3225307.734775641,"standard_error":4925.542839214222},"MedianAbsDev":{"confidence_interval":{"confidence_level":0.95,"lower_bound":26704.46663282417,"upper_bound":49762.59218840761},"point_estimate":37101.98006338891,"standard_error":5909.151058562519},"Slope":{"confidence_interval":{"confidence_level":0.95,"lower_bound":3220205.535824868,"upper_bound":3238799.786380814},"point_estimate":3228613.6436057338,"standard_error":4758.307880799304},"StdDev":{"confidence_interval":{"confidence_level":0.95,"lower_bound":83075.53300110855,"upper_bound":274308.66749745054},"point_estimate":186927.4037031663,"standard_error":49461.8434566773}}