{"Mean":{"confidence_interval":{"confidence_level":0.95,"lower_bound":105352.49386154902,"upper_bound":107509.58355583687},"point_estimate":106305.77391985718,"standard_error":554.7681415595582},"Median":{"confidence_interval":{"confidence_level":0.95,"lower_bound":104500.23555555556,"upper_bound":104771.3425925926},"point_estimate":104601.75185185185,"standard_error":73.30374334931463},"MedianAbsDev":{"confidence_interval":{"confidence_level":0.95,"lower_bound":520.6115530761352,"upper_bound":1138.578600156562},"point_estimate":846.7239194774452,"standard_error":155.66170172685227},"Slope":{"confidence_interval":{"confidence_level":0.95,"lower_bound":104915.46033458751,"upper_bound":105937.24391861675},"point_estimate":105389.05033676502,"standard_error":261.72727877376514},"StdDev":{"confidence_interval":{"confidence_level":0.95,"lower_bound":2707.338794850164,"upper_bound":8221.140819287728},"point_estimate":5589.084079000511,"standard_error":1468.4103293841094}}