{"Mean":{"confidence_interval":{"confidence_level":0.95,"lower_bound":116823.05869328529,"upper_bound":121257.69646675819},"point_estimate":118791.20969189392,"standard_error":1132.4003638789598},"Median":{"confidence_interval":{"confidence_level":0.95,"lower_bound":114299.39852941176,"upper_bound":117862.94791666667},"point_estimate":116027.12474681714,"standard_error":1050.8003128788225},"MedianAbsDev":{"confidence_interval":{"confidence_level":0.95,"lower_bound":4732.940731155785,"upper_bound":8186.569473640088},"point_estimate":6443.5533041356,"standard_error":898.3285911085151},"Slope":{"confidence_interval":{"confidence_level":0.95,"lower_bound":116894.96643920775,"upper_bound":119938.13159736432},"point_estimate":118363.83414105217,"standard_error":776.515629957006},"StdDev":{"confidence_interval":{"confidence_level":0.95,"lower_bound":6407.671771009089,"upper_bound":16718.49222439133},"point_estimate":11373.071469854138,"standard_error":3078.5187688281812}}