{"Mean":{"confidence_interval":{"confidence_level":0.95,"lower_bound":106096.25308649942,"upper_bound":108831.7253841868},"point_estimate":107383.61614062582,"standard_error":696.6886782245026},"Median":{"confidence_interval":{"confidence_level":0.95,"lower_bound":104281.69078947368,"upper_bound":107907.62890625},"point_estimate":106222.76892251294,"standard_error":806.8292935078522},"MedianAbsDev":{"confidence_interval":{"confidence_level":0.95,"lower_bound":4095.6173123002213,"upper_bound":6233.700245556089},"point_estimate":5366.428923371019,"standard_error":542.7376108237866},"Slope":{"confidence_interval":{"confidence_level":0.95,"lower_bound":105635.05470797472,"upper_bound":107767.08418363202},"point_estimate":106715.70517474509,"standard_error":541.7560771002463},"StdDev":{"confidence_interval":{"confidence_level":0.95,"lower_bound":4821.02629361292,"upper_bound":9094.882284437048},"point_estimate":6996.792417617472,"standard_error":1105.6953740861056}}