{"Mean":{"confidence_interval":{"confidence_level":0.95,"lower_bound":107530.14683542696,"upper_bound":111537.64299818849},"point_estimate":109331.56185417184,"standard_error":1032.6395303286806},"Median":{"confidence_interval":{"confidence_level":0.95,"lower_bound":106063.12373737374,"upper_bound":108115.33746475563},"point_estimate":107130.41920731707,"standard_error":514.0109853004311},"MedianAbsDev":{"confidence_interval":{"confidence_level":0.95,"lower_bound":2910.5998442360383,"upper_bound":5417.0164315033135},"point_estimate":4019.6116366708243,"standard_error":629.7076582369502},"Slope":{"confidence_interval":{"confidence_level":0.95,"lower_bound":106461.7073997468,"upper_bound":107870.12198816784},"point_estimate":107138.20932170829,"standard_error":359.54386323868204},"StdDev":{"confidence_interval":{"confidence_level":0.95,"lower_bound":4581.2862195680755,"upper_bound":14697.999423506139},"point_estimate":10378.125973343558,"standard_error":2542.087623174372}}