{"Mean":{"confidence_interval":{"confidence_level":0.95,"lower_bound":39427.27991208887,"upper_bound":40350.85231654005},"point_estimate":39861.83872093322,"standard_error":235.3755580259178},"Median":{"confidence_interval":{"confidence_level":0.95,"lower_bound":38844.18384879725,"upper_bound":39303.75552208835},"point_estimate":39040.411143330566,"standard_error":141.77342442583074},"MedianAbsDev":{"confidence_interval":{"confidence_level":0.95,"lower_bound":925.2106316483926,"upper_bound":1625.068268150018},"point_estimate":1277.0179704857765,"standard_error":183.67035147190109},"Slope":{"confidence_interval":{"confidence_level":0.95,"lower_bound":39299.052908074285,"upper_bound":40209.70128645598},"point_estimate":39709.28683894882,"standard_error":232.27925332963363},"StdDev":{"confidence_interval":{"confidence_level":0.95,"lower_bound":1657.0431970053953,"upper_bound":2957.7398636015214},"point_estimate":2365.9690418892806,"standard_error":332.318215957329}}