{"Mean":{"confidence_interval":{"confidence_level":0.95,"lower_bound":44182.78526097812,"upper_bound":45647.74388959032},"point_estimate":44844.07415661156,"standard_error":377.3802550640418},"Median":{"confidence_interval":{"confidence_level":0.95,"lower_bound":43591.521475919915,"upper_bound":44125.847327959396},"point_estimate":43863.14073769907,"standard_error":144.55186503193408},"MedianAbsDev":{"confidence_interval":{"confidence_level":0.95,"lower_bound":767.669310678523,"upper_bound":1393.8572476605061},"point_estimate":1016.5788094621579,"standard_error":161.4602802093592},"Slope":{"confidence_interval":{"confidence_level":0.95,"lower_bound":43866.00698985884,"upper_bound":44423.7618599523},"point_estimate":44134.72326611765,"standard_error":142.29050250152076},"StdDev":{"confidence_interval":{"confidence_level":0.95,"lower_bound":1872.1405187938462,"upper_bound":5383.2368354376895},"point_estimate":3798.056186468239,"standard_error":899.2475424486748}}