{"Mean":{"confidence_interval":{"confidence_level":0.95,"lower_bound":165134.53513103718,"upper_bound":169275.776352543},"point_estimate":167186.27692307383,"standard_error":1060.429343432562},"Median":{"confidence_interval":{"confidence_level":0.95,"lower_bound":162619.5125661376,"upper_bound":168618.17361111112},"point_estimate":165791.3603905784,"standard_error":1495.8891477175005},"MedianAbsDev":{"confidence_interval":{"confidence_level":0.95,"lower_bound":7736.916663308957,"upper_bound":13051.470440574596},"point_estimate":10553.797590094779,"standard_error":1356.0259525331182},"Slope":{"confidence_interval":{"confidence_level":0.95,"lower_bound":163401.29610610942,"upper_bound":168061.67889655023},"point_estimate":165672.79677060244,"standard_error":1192.7440336173229},"StdDev":{"confidence_interval":{"confidence_level":0.95,"lower_bound":9123.671411190033,"upper_bound":11976.971755865221},"point_estimate":10643.599944851765,"standard_error":731.2262868759151}}