{"Mean":{"confidence_interval":{"confidence_level":0.95,"lower_bound":0.37553886212639015,"upper_bound":0.4552501005073336},"point_estimate":0.4158794415216285,"standard_error":0.02008336027263075},"Median":{"confidence_interval":{"confidence_level":0.95,"lower_bound":0.3838965258257927,"upper_bound":0.4143966575016187},"point_estimate":0.4000395123073388,"standard_error":0.00826385894065616}}