{"Mean":{"confidence_interval":{"confidence_level":0.95,"lower_bound":-0.03595171116146808,"upper_bound":-0.0009630050464385794},"point_estimate":-0.018556319125759058,"standard_error":0.008859792551239861},"Median":{"confidence_interval":{"confidence_level":0.95,"lower_bound":-0.03847696237097831,"upper_bound":-0.023758529058597433},"point_estimate":-0.03280057920793411,"standard_error":0.003796922518665237}}