{"Mean":{"confidence_interval":{"confidence_level":0.95,"lower_bound":-0.018406538023240014,"upper_bound":0.01874600395850622},"point_estimate":0.0010505312522304244,"standard_error":0.009477264771967775},"Median":{"confidence_interval":{"confidence_level":0.95,"lower_bound":-0.0022779465840435664,"upper_bound":0.01528604439198707},"point_estimate":0.007001117927818878,"standard_error":0.004256439349231532}}