{"Mean":{"confidence_interval":{"confidence_level":0.95,"lower_bound":-0.06949765399249652,"upper_bound":-0.02834919907095364},"point_estimate":-0.04995288378449558,"standard_error":0.010455035832328378},"Median":{"confidence_interval":{"confidence_level":0.95,"lower_bound":-0.04958566368585676,"upper_bound":-0.03925234485690565},"point_estimate":-0.04301600078794343,"standard_error":0.0025528545795192575}}