{"Mean":{"confidence_interval":{"confidence_level":0.95,"lower_bound":0.027169601709483845,"upper_bound":0.06399672771481803},"point_estimate":0.04381613762169456,"standard_error":0.009545678304549306},"Median":{"confidence_interval":{"confidence_level":0.95,"lower_bound":0.025731372949745923,"upper_bound":0.03992542278425004},"point_estimate":0.03404540774437348,"standard_error":0.003542353324699515}}