{"Mean":{"confidence_interval":{"confidence_level":0.95,"lower_bound":2331208.385800835,"upper_bound":2425870.7514363504},"point_estimate":2372880.287237321,"standard_error":24306.861311915047},"Median":{"confidence_interval":{"confidence_level":0.95,"lower_bound":2295634.465909091,"upper_bound":2344378.0811827956},"point_estimate":2314495.770408163,"standard_error":12460.853466608149},"MedianAbsDev":{"confidence_interval":{"confidence_level":0.95,"lower_bound":50102.01331939744,"upper_bound":91679.98815923101},"point_estimate":68610.99433641124,"standard_error":10487.561447675178},"Slope":{"confidence_interval":{"confidence_level":0.95,"lower_bound":2328371.2087119524,"upper_bound":2419917.3545681653},"point_estimate":2367776.9813063396,"standard_error":23758.161931439296},"StdDev":{"confidence_interval":{"confidence_level":0.95,"lower_bound":106687.02121584171,"upper_bound":367167.28810554976},"point_estimate":244265.50105522075,"standard_error":69908.47637873435}}