{"Mean":{"confidence_interval":{"confidence_level":0.95,"lower_bound":2263041.9441742343,"upper_bound":2313054.907592185},"point_estimate":2286316.3935233606,"standard_error":12769.283003632836},"Median":{"confidence_interval":{"confidence_level":0.95,"lower_bound":2240932.625,"upper_bound":2247055.5681818184},"point_estimate":2243205.523378582,"standard_error":1564.1581474394445},"MedianAbsDev":{"confidence_interval":{"confidence_level":0.95,"lower_bound":9858.045010505124,"upper_bound":19471.438365920138},"point_estimate":13489.8324804903,"standard_error":2370.904036491981},"Slope":{"confidence_interval":{"confidence_level":0.95,"lower_bound":2247107.2660718733,"upper_bound":2283324.310013597},"point_estimate":2262711.88383922,"standard_error":9334.541317861549},"StdDev":{"confidence_interval":{"confidence_level":0.95,"lower_bound":80595.44929574654,"upper_bound":164814.51403600146},"point_estimate":128282.5684900529,"standard_error":21385.30104796425}}