{"Mean":{"confidence_interval":{"confidence_level":0.95,"lower_bound":3211569.843568931,"upper_bound":3334968.229869208},"point_estimate":3270582.3111847425,"standard_error":31461.497345327865},"Median":{"confidence_interval":{"confidence_level":0.95,"lower_bound":3131799.0,"upper_bound":3204148.117150774},"point_estimate":3164598.4593495936,"standard_error":18112.55309850972},"MedianAbsDev":{"confidence_interval":{"confidence_level":0.95,"lower_bound":127176.99091033895,"upper_bound":233398.93553788762},"point_estimate":174376.46263281556,"standard_error":26564.51337269549},"Slope":{"confidence_interval":{"confidence_level":0.95,"lower_bound":3266848.342355536,"upper_bound":3481591.649691606},"point_estimate":3368899.510403428,"standard_error":55024.78309790967},"StdDev":{"confidence_interval":{"confidence_level":0.95,"lower_bound":239906.58372489558,"upper_bound":384944.90822456905},"point_estimate":316308.35152469465,"standard_error":37126.273133716655}}